consultado,data_quality_limitation,data_quality_score,fontes,frequencia_temporal,modalidades,orgao,orgao_cnpj,periodo_fim,periodo_inicio,qtd_contratacoes,rank,resultado_zero,ticket_medio,ticket_medio_formula,uf,valor_semantica,valor_total
True,,1.0,"[""pncp_supplier_contracts"", ""isolated_snapshot""]",9585 eventos no período (2023-07-20..2026-07-23),{},MUNICÍPIO DE CURITIBANOS,83754044000134,2026-07-23,2023-07-20,9585,1,False,4313.62,valor_total / qtd_contratacoes (same semantic as valor_total),SC,CONTRATADO,41346040.53
True,,1.0,"[""pncp_supplier_contracts"", ""isolated_snapshot""]",9074 eventos no período (2023-07-20..2026-07-23),{},MUNICÍPIO DE BRUSQUE,83102343000194,2026-07-23,2023-07-20,9074,2,False,7338.81,valor_total / qtd_contratacoes (same semantic as valor_total),SC,CONTRATADO,66592364.67
True,,1.0,"[""pncp_supplier_contracts"", ""isolated_snapshot""]",9020 eventos no período (2023-07-20..2026-07-23),{},MUNICÍPIO DE CANOINHAS,83102384000180,2026-07-23,2023-07-20,9020,3,False,3187.55,valor_total / qtd_contratacoes (same semantic as valor_total),SC,CONTRATADO,28751678.27
True,,1.0,"[""pncp_supplier_contracts"", ""isolated_snapshot""]",8995 eventos no período (2023-07-20..2026-07-23),{},MUNICÍPIO DE CAÇADOR,83074302000131,2026-07-23,2023-07-20,8995,4,False,5042.94,valor_total / qtd_contratacoes (same semantic as valor_total),SC,CONTRATADO,45361212.05
True,,1.0,"[""pncp_supplier_contracts"", ""isolated_snapshot""]",8807 eventos no período (2023-07-20..2026-07-23),{},MUNICÍPIO DE VIDEIRA,83039842000184,2026-07-23,2023-07-20,8807,5,False,6247.63,valor_total / qtd_contratacoes (same semantic as valor_total),SC,CONTRATADO,55022904.91
True,,1.0,"[""pncp_supplier_contracts"", ""isolated_snapshot""]",8398 eventos no período (2023-07-20..2026-07-23),{},MUNICÍPIO DE CAMBORIÚ,83102293000145,2026-07-23,2023-07-20,8398,6,False,7106.62,valor_total / qtd_contratacoes (same semantic as valor_total),SC,CONTRATADO,59681400.53
True,,1.0,"[""pncp_supplier_contracts"", ""isolated_snapshot""]",7890 eventos no período (2023-07-20..2026-07-23),{},MUNICÍPIO DE FRAIBURGO,82947979000174,2026-07-23,2023-07-20,7890,7,False,3599.41,valor_total / qtd_contratacoes (same semantic as valor_total),SC,CONTRATADO,28399310.66
True,,1.0,"[""pncp_supplier_contracts"", ""isolated_snapshot""]",7275 eventos no período (2023-07-20..2026-07-23),{},MUNICÍPIO DE BRAÇO DO NORTE,82926551000145,2026-07-23,2023-07-20,7275,8,False,5013.31,valor_total / qtd_contratacoes (same semantic as valor_total),SC,CONTRATADO,36471845.95
True,,1.0,"[""pncp_supplier_contracts"", ""isolated_snapshot""]",7257 eventos no período (2023-07-20..2026-07-23),{},MUNICÍPIO DE PORTO UNIÃO,83102541000158,2026-07-23,2023-07-20,7257,9,False,16168.12,valor_total / qtd_contratacoes (same semantic as valor_total),SC,CONTRATADO,117332060.38
True,,1.0,"[""pncp_supplier_contracts"", ""isolated_snapshot""]",6849 eventos no período (2023-07-20..2026-07-23),{},MUNICÍPIO DE JARAGUÁ DO SUL,83102459000123,2026-07-23,2023-07-20,6849,10,False,4545.8,valor_total / qtd_contratacoes (same semantic as valor_total),SC,CONTRATADO,31134151.48
True,,1.0,"[""pncp_supplier_contracts"", ""isolated_snapshot""]",6824 eventos no período (2023-07-20..2026-07-23),{},MUNICÍPIO DE LAGES,82777301000190,2026-07-23,2023-07-20,6824,11,False,45248.11,valor_total / qtd_contratacoes (same semantic as valor_total),SC,CONTRATADO,308773075.07
True,,1.0,"[""pncp_supplier_contracts"", ""isolated_snapshot""]",6657 eventos no período (2023-07-20..2026-07-23),{},MUNICÍPIO DE NAVEGANTES,83102855000150,2026-07-23,2023-07-20,6657,12,False,5553.71,valor_total / qtd_contratacoes (same semantic as valor_total),SC,CONTRATADO,36971036.26
True,,1.0,"[""pncp_supplier_contracts"", ""isolated_snapshot""]",6631 eventos no período (2023-07-20..2026-07-23),{},FUNDO MUNICIPAL DE SAÚDE DE LAGES,11840546000177,2026-07-23,2023-07-20,6631,13,False,793459.55,valor_total / qtd_contratacoes (same semantic as valor_total),SC,CONTRATADO,5261430265.69
True,,1.0,"[""pncp_supplier_contracts"", ""isolated_snapshot""]",6294 eventos no período (2023-07-20..2026-07-23),{},MUNICÍPIO DE SANTA CECÍLIA,85997237000141,2026-07-23,2023-07-20,6294,14,False,4159.11,valor_total / qtd_contratacoes (same semantic as valor_total),SC,CONTRATADO,26177453.99
True,,1.0,"[""pncp_supplier_contracts"", ""isolated_snapshot""]",6290 eventos no período (2023-07-20..2026-07-23),{},MUNICÍPIO DE SÃO JOÃO BATISTA,82925652000100,2026-07-23,2023-07-20,6290,15,False,3916.23,valor_total / qtd_contratacoes (same semantic as valor_total),SC,CONTRATADO,24633088.49
True,,1.0,"[""pncp_supplier_contracts"", ""isolated_snapshot""]",6123 eventos no período (2023-07-20..2026-07-23),{},MUNICÍPIO DE SÃO CRISTOVÃO DO SUL,95991261000127,2026-07-23,2023-07-20,6123,16,False,4966.17,valor_total / qtd_contratacoes (same semantic as valor_total),SC,CONTRATADO,30407853.79
True,,1.0,"[""pncp_supplier_contracts"", ""isolated_snapshot""]",5939 eventos no período (2023-07-20..2026-07-23),{},MUNICÍPIO DE SCHROEDER,83102491000109,2026-07-23,2023-07-20,5939,17,False,10141.42,valor_total / qtd_contratacoes (same semantic as valor_total),SC,CONTRATADO,60229877.07
True,,1.0,"[""pncp_supplier_contracts"", ""isolated_snapshot""]",5909 eventos no período (2023-07-20..2026-07-23),{},Hospital Municipal São José - HMSJ,84703248000109,2026-07-23,2023-07-20,5909,18,False,36500.15,valor_total / qtd_contratacoes (same semantic as valor_total),SC,CONTRATADO,215679365.2
True,,1.0,"[""pncp_supplier_contracts"", ""isolated_snapshot""]",5820 eventos no período (2023-07-20..2026-07-23),{},MUNICÍPIO DE LUZERNA,01613428000172,2026-07-23,2023-07-20,5820,19,False,2492.61,valor_total / qtd_contratacoes (same semantic as valor_total),SC,CONTRATADO,14506976.28
True,,1.0,"[""pncp_supplier_contracts"", ""isolated_snapshot""]",5685 eventos no período (2023-07-20..2026-07-23),{},MUNICÍPIO DE RIO DAS ANTAS,83074294000123,2026-07-23,2023-07-20,5685,20,False,2721.03,valor_total / qtd_contratacoes (same semantic as valor_total),SC,CONTRATADO,15469039.35
True,,1.0,"[""pncp_supplier_contracts"", ""isolated_snapshot""]",5611 eventos no período (2023-07-20..2026-07-23),{},MUNICÍPIO DE PONTE ALTA DO NORTE,95991287000175,2026-07-23,2023-07-20,5611,21,False,2079.96,valor_total / qtd_contratacoes (same semantic as valor_total),SC,CONTRATADO,11670661.8
True,,1.0,"[""pncp_supplier_contracts"", ""isolated_snapshot""]",5486 eventos no período (2023-07-20..2026-07-23),{},FUNDO MUNICIPAL DE SAÚDE DE  HERVAL D'OESTE,17799033000146,2026-07-23,2023-07-20,5486,22,False,2128.62,valor_total / qtd_contratacoes (same semantic as valor_total),SC,CONTRATADO,11677624.53
True,,1.0,"[""pncp_supplier_contracts"", ""isolated_snapshot""]",5401 eventos no período (2023-07-20..2026-07-23),{},Prefeitura Municipal de Joinville - PMJ,83169623000110,2026-07-23,2023-07-20,5401,23,False,365072.48,valor_total / qtd_contratacoes (same semantic as valor_total),SC,CONTRATADO,1971756441.96
True,,1.0,"[""pncp_supplier_contracts"", ""isolated_snapshot""]",5362 eventos no período (2023-07-20..2026-07-23),{},MUNICÍPIO DE CORREIA PINTO,75438655000145,2026-07-23,2023-07-20,5362,24,False,5811.55,valor_total / qtd_contratacoes (same semantic as valor_total),SC,CONTRATADO,31161514.32
True,,1.0,"[""pncp_supplier_contracts"", ""isolated_snapshot""]",5360 eventos no período (2023-07-20..2026-07-23),{},MUNICÍPIO DE MONTE CARLO,95996104000104,2026-07-23,2023-07-20,5360,25,False,2320.78,valor_total / qtd_contratacoes (same semantic as valor_total),SC,CONTRATADO,12439366.58
True,,1.0,"[""pncp_supplier_contracts"", ""isolated_snapshot""]",5303 eventos no período (2023-07-20..2026-07-23),{},MUNICÍPIO DE IRANI,82939455000131,2026-07-23,2023-07-20,5303,26,False,3064.08,valor_total / qtd_contratacoes (same semantic as valor_total),SC,CONTRATADO,16248811.22
True,,1.0,"[""pncp_supplier_contracts"", ""isolated_snapshot""]",5241 eventos no período (2023-07-20..2026-07-23),{},MUNICÍPIO DE ITAIÓPOLIS,83102517000119,2026-07-23,2023-07-20,5241,27,False,5099.2,valor_total / qtd_contratacoes (same semantic as valor_total),SC,CONTRATADO,26724906.39
True,,1.0,"[""pncp_supplier_contracts"", ""isolated_snapshot""]",5228 eventos no período (2023-07-20..2026-07-23),{},MUNICÍPIO DE MONDAÍ,83028415000109,2026-07-23,2023-07-20,5228,28,False,10465.55,valor_total / qtd_contratacoes (same semantic as valor_total),SC,CONTRATADO,54713899.28
True,,1.0,"[""pncp_supplier_contracts"", ""isolated_snapshot""]",5176 eventos no período (2023-07-20..2026-07-23),{},FUNDO MUNICIPAL DE SAÚDE DE NOVA TRENTO,08858200000191,2026-07-23,2023-07-20,5176,29,False,5806.82,valor_total / qtd_contratacoes (same semantic as valor_total),SC,CONTRATADO,30056118.07
True,,1.0,"[""pncp_supplier_contracts"", ""isolated_snapshot""]",5067 eventos no período (2023-07-20..2026-07-23),{},MUNÍCIPIO DE ERVAL VELHO,82939422000191,2026-07-23,2023-07-20,5067,30,False,14110.85,valor_total / qtd_contratacoes (same semantic as valor_total),SC,CONTRATADO,71499682.09
True,,1.0,"[""pncp_supplier_contracts"", ""isolated_snapshot""]",4969 eventos no período (2023-07-20..2026-07-23),{},MUNICÍPIO DE BARRA VELHA,83102830000157,2026-07-23,2023-07-20,4969,31,False,6589.58,valor_total / qtd_contratacoes (same semantic as valor_total),SC,CONTRATADO,32743641.04
True,,1.0,"[""pncp_supplier_contracts"", ""isolated_snapshot""]",4959 eventos no período (2023-07-20..2026-07-23),{},MUNICÍPIO DE IÇARA,82916800000111,2026-07-23,2023-07-20,4959,32,False,4722.72,valor_total / qtd_contratacoes (same semantic as valor_total),SC,CONTRATADO,23419961.91
True,,1.0,"[""pncp_supplier_contracts"", ""isolated_snapshot""]",4687 eventos no período (2023-07-20..2026-07-23),{},MUNICÍPIO DE TIMBÓ,83102764000115,2026-07-23,2023-07-20,4687,33,False,4367.65,valor_total / qtd_contratacoes (same semantic as valor_total),SC,CONTRATADO,20471154.94
True,,1.0,"[""pncp_supplier_contracts"", ""isolated_snapshot""]",4558 eventos no período (2023-07-20..2026-07-23),{},MUNICÍPIO DE MATOS COSTA,83102566000151,2026-07-23,2023-07-20,4558,34,False,2277.22,valor_total / qtd_contratacoes (same semantic as valor_total),SC,CONTRATADO,10379586.65
True,,1.0,"[""pncp_supplier_contracts"", ""isolated_snapshot""]",4539 eventos no período (2023-07-20..2026-07-23),{},MUNICÍPIO DE PORTO BELO,82575812000120,2026-07-23,2023-07-20,4539,35,False,5353.85,valor_total / qtd_contratacoes (same semantic as valor_total),SC,CONTRATADO,24301144.18
True,,1.0,"[""pncp_supplier_contracts"", ""isolated_snapshot""]",4526 eventos no período (2023-07-20..2026-07-23),{},FUNDO MUNICIPAL DE SAUDE DE CHAPECO,80636475000108,2026-07-23,2023-07-20,4526,36,False,10681.0,valor_total / qtd_contratacoes (same semantic as valor_total),SC,CONTRATADO,48342195.68
True,,1.0,"[""pncp_supplier_contracts"", ""isolated_snapshot""]",4524 eventos no período (2023-07-20..2026-07-23),{},MUNICÍPIO DE PINHEIRO PRETO,82827148000169,2026-07-23,2023-07-20,4524,37,False,3253.37,valor_total / qtd_contratacoes (same semantic as valor_total),SC,CONTRATADO,14718263.18
True,,1.0,"[""pncp_supplier_contracts"", ""isolated_snapshot""]",4494 eventos no período (2023-07-20..2026-07-23),{},FUNDO MUNICIPAL DE SAÚDE DE JARAGUÁ DO SUL,14007211000160,2026-07-23,2023-07-20,4494,38,False,148142.95,valor_total / qtd_contratacoes (same semantic as valor_total),SC,CONTRATADO,665754425.11
True,,1.0,"[""pncp_supplier_contracts"", ""isolated_snapshot""]",4476 eventos no período (2023-07-20..2026-07-23),{},MUNICÍPIO DE OTACÍLIO COSTA,75326066000175,2026-07-23,2023-07-20,4476,39,False,3032.54,valor_total / qtd_contratacoes (same semantic as valor_total),SC,CONTRATADO,13573640.95
True,,1.0,"[""pncp_supplier_contracts"", ""isolated_snapshot""]",4459 eventos no período (2023-07-20..2026-07-23),{},MUNICÍPIO DE LACERDÓPOLIS,82939471000124,2026-07-23,2023-07-20,4459,40,False,2160.73,valor_total / qtd_contratacoes (same semantic as valor_total),SC,CONTRATADO,9634675.25
True,,1.0,"[""pncp_supplier_contracts"", ""isolated_snapshot""]",4452 eventos no período (2023-07-20..2026-07-23),{},MUNICÍPIO DE MAJOR VIEIRA,83102392000127,2026-07-23,2023-07-20,4452,41,False,3211.64,valor_total / qtd_contratacoes (same semantic as valor_total),SC,CONTRATADO,14298233.24
True,,1.0,"[""pncp_supplier_contracts"", ""isolated_snapshot""]",4446 eventos no período (2023-07-20..2026-07-23),{},MUNICÍPIO DE TROMBUDO CENTRAL,83102731000175,2026-07-23,2023-07-20,4446,42,False,3414.67,valor_total / qtd_contratacoes (same semantic as valor_total),SC,CONTRATADO,15181609.38
True,,1.0,"[""pncp_supplier_contracts"", ""isolated_snapshot""]",4379 eventos no período (2023-07-20..2026-07-23),{},Fundo Municipal de Saúde - FMS,08184821000137,2026-07-23,2023-07-20,4379,43,False,72071.54,valor_total / qtd_contratacoes (same semantic as valor_total),SC,CONTRATADO,315601290.44
True,,1.0,"[""pncp_supplier_contracts"", ""isolated_snapshot""]",4373 eventos no período (2023-07-20..2026-07-23),{},MUNICÍPIO DE ARROIO TRINTA,82826462000127,2026-07-23,2023-07-20,4373,44,False,2327.5,valor_total / qtd_contratacoes (same semantic as valor_total),SC,CONTRATADO,10178169.13
True,,1.0,"[""pncp_supplier_contracts"", ""isolated_snapshot""]",4294 eventos no período (2023-07-20..2026-07-23),{},MUNICÍPIO DE SANGÃO,95780458000117,2026-07-23,2023-07-20,4294,45,False,3244.95,valor_total / qtd_contratacoes (same semantic as valor_total),SC,CONTRATADO,13933827.1
True,,1.0,"[""pncp_supplier_contracts"", ""isolated_snapshot""]",4277 eventos no período (2023-07-20..2026-07-23),{},FUNDO MUNICIPAL DE SAÚDE DE URUBICI,12488175000179,2026-07-23,2023-07-20,4277,46,False,2653.0,valor_total / qtd_contratacoes (same semantic as valor_total),SC,CONTRATADO,11346894.36
True,,1.0,"[""pncp_supplier_contracts"", ""isolated_snapshot""]",4274 eventos no período (2023-07-20..2026-07-23),{},MUNICÍPIO DE IBIRAMA,83102418000137,2026-07-23,2023-07-20,4274,47,False,4043.35,valor_total / qtd_contratacoes (same semantic as valor_total),SC,CONTRATADO,17281271.47
True,,1.0,"[""pncp_supplier_contracts"", ""isolated_snapshot""]",4252 eventos no período (2023-07-20..2026-07-23),{},MUNICÍPIO DE ÁGUA DOCE,82939398000190,2026-07-23,2023-07-20,4252,48,False,7337.72,valor_total / qtd_contratacoes (same semantic as valor_total),SC,CONTRATADO,31199985.78
True,,1.0,"[""pncp_supplier_contracts"", ""isolated_snapshot""]",4238 eventos no período (2023-07-20..2026-07-23),{},MUNICÍPIO DE TANGARÁ,82827999000101,2026-07-23,2023-07-20,4238,49,False,4048.32,valor_total / qtd_contratacoes (same semantic as valor_total),SC,CONTRATADO,17156759.81
True,,1.0,"[""pncp_supplier_contracts"", ""isolated_snapshot""]",4163 eventos no período (2023-07-20..2026-07-23),{},MUNICÍPIO DE PASSOS MAIA,95993085000162,2026-07-23,2023-07-20,4163,50,False,3032.06,valor_total / qtd_contratacoes (same semantic as valor_total),SC,CONTRATADO,12622450.53
True,,1.0,"[""pncp_supplier_contracts"", ""isolated_snapshot""]",4139 eventos no período (2023-07-20..2026-07-23),{},FUNDO MUNICIPAL DE SAÚDE DE CATANDUVAS,10391817000191,2026-07-23,2023-07-20,4139,51,False,2089.72,valor_total / qtd_contratacoes (same semantic as valor_total),SC,CONTRATADO,8649365.67
True,,1.0,"[""pncp_supplier_contracts"", ""isolated_snapshot""]",4109 eventos no período (2023-07-20..2026-07-23),{},MUNICÍPIO DE LAJEADO GRANDE,95993077000116,2026-07-23,2023-07-20,4109,52,False,5835.5,valor_total / qtd_contratacoes (same semantic as valor_total),SC,CONTRATADO,23978073.78
True,,1.0,"[""pncp_supplier_contracts"", ""isolated_snapshot""]",4092 eventos no período (2023-07-20..2026-07-23),{},MUNICÍPIO DE SANTA ROSA DO SUL,80989965000198,2026-07-23,2023-07-20,4092,53,False,2865.01,valor_total / qtd_contratacoes (same semantic as valor_total),SC,CONTRATADO,11723612.11
True,,1.0,"[""pncp_supplier_contracts"", ""isolated_snapshot""]",4076 eventos no período (2023-07-20..2026-07-23),{},MUNICÍPIO DE VARGEM BONITA,95996187000131,2026-07-23,2023-07-20,4076,54,False,5509.61,valor_total / qtd_contratacoes (same semantic as valor_total),SC,CONTRATADO,22457166.32
True,,1.0,"[""pncp_supplier_contracts"", ""isolated_snapshot""]",4022 eventos no período (2023-07-20..2026-07-23),{},MUNICÍPIO DE POUSO REDONDO,83102681000126,2026-07-23,2023-07-20,4022,55,False,18042.37,valor_total / qtd_contratacoes (same semantic as valor_total),SC,CONTRATADO,72566396.77
True,,1.0,"[""pncp_supplier_contracts"", ""isolated_snapshot""]",4013 eventos no período (2023-07-20..2026-07-23),{},MUNICÍPIO DE VARGEM ,95995130000118,2026-07-23,2023-07-20,4013,56,False,3355.06,valor_total / qtd_contratacoes (same semantic as valor_total),SC,CONTRATADO,13463837.68
True,,1.0,"[""pncp_supplier_contracts"", ""isolated_snapshot""]",4011 eventos no período (2023-07-20..2026-07-23),{},MUNICÍPIO DE DONA EMMA,83102426000183,2026-07-23,2023-07-20,4011,57,False,4904.88,valor_total / qtd_contratacoes (same semantic as valor_total),SC,CONTRATADO,19673490.1
True,,1.0,"[""pncp_supplier_contracts"", ""isolated_snapshot""]",4004 eventos no período (2023-07-20..2026-07-23),{},MUNICÍPIO DE CORDILHEIRA ALTA,95990198000104,2026-07-23,2023-07-20,4004,58,False,3139.38,valor_total / qtd_contratacoes (same semantic as valor_total),SC,CONTRATADO,12570070.11
True,,1.0,"[""pncp_supplier_contracts"", ""isolated_snapshot""]",3997 eventos no período (2023-07-20..2026-07-23),{},MUNICÍPIO DE CALMON,95949806000137,2026-07-23,2023-07-20,3997,59,False,1614.3,valor_total / qtd_contratacoes (same semantic as valor_total),SC,CONTRATADO,6452363.15
True,,1.0,"[""pncp_supplier_contracts"", ""isolated_snapshot""]",3965 eventos no período (2023-07-20..2026-07-23),{},MUNICÍPIO DE URUBICI,82843582000132,2026-07-23,2023-07-20,3965,60,False,5825.66,valor_total / qtd_contratacoes (same semantic as valor_total),SC,CONTRATADO,23098751.5
True,,1.0,"[""pncp_supplier_contracts"", ""isolated_snapshot""]",3964 eventos no período (2023-07-20..2026-07-23),{},MUNICÍPIO DE CAPINZAL,82939406000107,2026-07-23,2023-07-20,3964,61,False,5034.25,valor_total / qtd_contratacoes (same semantic as valor_total),SC,CONTRATADO,19955750.05
True,,1.0,"[""pncp_supplier_contracts"", ""isolated_snapshot""]",3946 eventos no período (2023-07-20..2026-07-23),{},MUNICÍPIO DE BLUMENAU,83108357000115,2026-07-23,2023-07-20,3946,62,False,9433.8,valor_total / qtd_contratacoes (same semantic as valor_total),SC,CONTRATADO,37225774.5
True,,1.0,"[""pncp_supplier_contracts"", ""isolated_snapshot""]",3934 eventos no período (2023-07-20..2026-07-23),{},MUNICÍPIO DE CATANDUVAS,82939414000145,2026-07-23,2023-07-20,3934,63,False,2769.48,valor_total / qtd_contratacoes (same semantic as valor_total),SC,CONTRATADO,10895130.97
True,,1.0,"[""pncp_supplier_contracts"", ""isolated_snapshot""]",3928 eventos no período (2023-07-20..2026-07-23),{},MUNICÍPIO DE ITAPIRANGA,82821208000136,2026-07-23,2023-07-20,3928,64,False,5680.3,valor_total / qtd_contratacoes (same semantic as valor_total),SC,CONTRATADO,22312201.58
True,,1.0,"[""pncp_supplier_contracts"", ""isolated_snapshot""]",3900 eventos no período (2023-07-20..2026-07-23),{},FUNDO MUNICIPAL DA SAUDE DO MUNICÍPIO DE JAGUARUNA,01746653000187,2026-07-23,2023-07-20,3900,65,False,2130.28,valor_total / qtd_contratacoes (same semantic as valor_total),SC,CONTRATADO,8308093.86
True,,1.0,"[""pncp_supplier_contracts"", ""isolated_snapshot""]",3858 eventos no período (2023-07-20..2026-07-23),{},FUNDAÇÃO HOSPITALAR DR JOSÉ ATHANAZIO,83156455000128,2026-07-23,2023-07-20,3858,66,False,5308.97,valor_total / qtd_contratacoes (same semantic as valor_total),SC,CONTRATADO,20481999.36
True,,1.0,"[""pncp_supplier_contracts"", ""isolated_snapshot""]",3846 eventos no período (2023-07-20..2026-07-23),{},MUNICÍPIO DE BOTUVERÁ,83102350000196,2026-07-23,2023-07-20,3846,67,False,3092.39,valor_total / qtd_contratacoes (same semantic as valor_total),SC,CONTRATADO,11893332.61
True,,1.0,"[""pncp_supplier_contracts"", ""isolated_snapshot""]",3842 eventos no período (2023-07-20..2026-07-23),{},MUNICÍPIO DE BRUNÓPOLIS,01613853000161,2026-07-23,2023-07-20,3842,68,False,9860.53,valor_total / qtd_contratacoes (same semantic as valor_total),SC,CONTRATADO,37884160.39
True,,1.0,"[""pncp_supplier_contracts"", ""isolated_snapshot""]",3802 eventos no período (2023-07-20..2026-07-23),{},MUNICÍPIO DE PAINEL,01608820000123,2026-07-23,2023-07-20,3802,69,False,2975.7,valor_total / qtd_contratacoes (same semantic as valor_total),SC,CONTRATADO,11313621.26
True,,1.0,"[""pncp_supplier_contracts"", ""isolated_snapshot""]",3796 eventos no período (2023-07-20..2026-07-23),{},MUNICÍPIO DE RIO NEGRINHO,83102756000179,2026-07-23,2023-07-20,3796,70,False,3627.36,valor_total / qtd_contratacoes (same semantic as valor_total),SC,CONTRATADO,13769448.26
True,,1.0,"[""pncp_supplier_contracts"", ""isolated_snapshot""]",3785 eventos no período (2023-07-20..2026-07-23),{},MUNICÍPIO DE SALTO VELOSO,82827353000124,2026-07-23,2023-07-20,3785,71,False,5982.04,valor_total / qtd_contratacoes (same semantic as valor_total),SC,CONTRATADO,22642027.06
True,,1.0,"[""pncp_supplier_contracts"", ""isolated_snapshot""]",3764 eventos no período (2023-07-20..2026-07-23),{},MUNICÍPIO DE IOMERÊ,01612744000120,2026-07-23,2023-07-20,3764,72,False,4085.26,valor_total / qtd_contratacoes (same semantic as valor_total),SC,CONTRATADO,15376925.68
True,,1.0,"[""pncp_supplier_contracts"", ""isolated_snapshot""]",3749 eventos no período (2023-07-20..2026-07-23),{},MEC - UNIV. FED. DE SANTA CATARINA - SC,83899526000182,2026-07-23,2023-07-20,3749,73,False,331753.59,valor_total / qtd_contratacoes (same semantic as valor_total),SC,CONTRATADO,1243744217.08
True,,1.0,"[""pncp_supplier_contracts"", ""isolated_snapshot""]",3723 eventos no período (2023-07-20..2026-07-23),{},MUNICÍPIO DE SÃO JOÃO DO OESTE,80911936000103,2026-07-23,2023-07-20,3723,74,False,11441.23,valor_total / qtd_contratacoes (same semantic as valor_total),SC,CONTRATADO,42595695.63
True,,1.0,"[""pncp_supplier_contracts"", ""isolated_snapshot""]",3718 eventos no período (2023-07-20..2026-07-23),{},FUNDO MUNICIPAL DE SAÚDE DE XAXIM,11323985000102,2026-07-23,2023-07-20,3718,75,False,7207.39,valor_total / qtd_contratacoes (same semantic as valor_total),SC,CONTRATADO,26797070.67
True,,1.0,"[""pncp_supplier_contracts"", ""isolated_snapshot""]",3681 eventos no período (2023-07-20..2026-07-23),{},MUNICÍPIO DE COCAL DO SUL,95778056000188,2026-07-23,2023-07-20,3681,76,False,2610.78,valor_total / qtd_contratacoes (same semantic as valor_total),SC,CONTRATADO,9610279.89
True,,1.0,"[""pncp_supplier_contracts"", ""isolated_snapshot""]",3657 eventos no período (2023-07-20..2026-07-23),{},MUNICÍPIO DE LEBON RÉGIS,83074310000188,2026-07-23,2023-07-20,3657,77,False,3874.52,valor_total / qtd_contratacoes (same semantic as valor_total),SC,CONTRATADO,14169137.39
True,,1.0,"[""pncp_supplier_contracts"", ""isolated_snapshot""]",3641 eventos no período (2023-07-20..2026-07-23),{},MUNICÍPIO DE RIO DOS CEDROS,83102806000118,2026-07-23,2023-07-20,3641,78,False,2252.68,valor_total / qtd_contratacoes (same semantic as valor_total),SC,CONTRATADO,8202004.29
True,,1.0,"[""pncp_supplier_contracts"", ""isolated_snapshot""]",3631 eventos no período (2023-07-20..2026-07-23),{},MUNICÍPIO DE MORRO DA FUMAÇA,83000323000102,2026-07-23,2023-07-20,3631,79,False,3874.9,valor_total / qtd_contratacoes (same semantic as valor_total),SC,CONTRATADO,14069780.04
True,,1.0,"[""pncp_supplier_contracts"", ""isolated_snapshot""]",3619 eventos no período (2023-07-20..2026-07-23),{},MUNICÍPIO DE ANTÔNIO CARLOS,82892290000190,2026-07-23,2023-07-20,3619,80,False,3368.75,valor_total / qtd_contratacoes (same semantic as valor_total),SC,CONTRATADO,12191490.72
True,,1.0,"[""pncp_supplier_contracts"", ""isolated_snapshot""]",3618 eventos no período (2023-07-20..2026-07-23),{},MUNICÍPIO DE PIRATUBA,82815481000158,2026-07-23,2023-07-20,3618,81,False,3608.07,valor_total / qtd_contratacoes (same semantic as valor_total),SC,CONTRATADO,13053984.81
True,,1.0,"[""pncp_supplier_contracts"", ""isolated_snapshot""]",3587 eventos no período (2023-07-20..2026-07-23),{},FUNDO MUNICIPAL DE SAÚDE DE ITUPORANGA,11407443000118,2026-07-23,2023-07-20,3587,82,False,2350.27,valor_total / qtd_contratacoes (same semantic as valor_total),SC,CONTRATADO,8430435.86
True,,1.0,"[""pncp_supplier_contracts"", ""isolated_snapshot""]",3545 eventos no período (2023-07-20..2026-07-23),{},FUNDO MUNICIPAL DE SAÚDE DE TREZE TÍLIAS,03347885000198,2026-07-23,2023-07-20,3545,83,False,1353.52,valor_total / qtd_contratacoes (same semantic as valor_total),SC,CONTRATADO,4798230.35
True,,1.0,"[""pncp_supplier_contracts"", ""isolated_snapshot""]",3521 eventos no período (2023-07-20..2026-07-23),{},FUNDO MUNICIPAL DE SAÚDE DE ABELARDO LUZ,10532003000120,2026-07-23,2023-07-20,3521,84,False,2440.87,valor_total / qtd_contratacoes (same semantic as valor_total),SC,CONTRATADO,8594300.55
True,,1.0,"[""pncp_supplier_contracts"", ""isolated_snapshot""]",3520 eventos no período (2023-07-20..2026-07-23),{},FUNDO MUNICIPAL DE SAÚDE DE SÃO DOMINGOS,11888327000168,2026-07-23,2023-07-20,3520,85,False,1782.28,valor_total / qtd_contratacoes (same semantic as valor_total),SC,CONTRATADO,6273627.79
True,,1.0,"[""pncp_supplier_contracts"", ""isolated_snapshot""]",3518 eventos no período (2023-07-20..2026-07-23),{},MUNICÍPIO DE CAMPOS NOVOS,82939232000174,2026-07-23,2023-07-20,3518,86,False,37893.42,valor_total / qtd_contratacoes (same semantic as valor_total),SC,CONTRATADO,133309052.14
True,,1.0,"[""pncp_supplier_contracts"", ""isolated_snapshot""]",3507 eventos no período (2023-07-20..2026-07-23),{},MUNICÍPIO DE TREZE DE MAIO,82928672000126,2026-07-23,2023-07-20,3507,87,False,2416.16,valor_total / qtd_contratacoes (same semantic as valor_total),SC,CONTRATADO,8473460.95
True,,1.0,"[""pncp_supplier_contracts"", ""isolated_snapshot""]",3506 eventos no período (2023-07-20..2026-07-23),{},MUNICÍPIO DE LUIZ ALVES,83102319000155,2026-07-23,2023-07-20,3506,88,False,3736.68,valor_total / qtd_contratacoes (same semantic as valor_total),SC,CONTRATADO,13100796.48
True,,1.0,"[""pncp_supplier_contracts"", ""isolated_snapshot""]",3491 eventos no período (2023-07-20..2026-07-23),{},MUNICÍPIO DE SEARA,83024505000113,2026-07-23,2023-07-20,3491,89,False,3813.19,valor_total / qtd_contratacoes (same semantic as valor_total),SC,CONTRATADO,13311828.91
True,,1.0,"[""pncp_supplier_contracts"", ""isolated_snapshot""]",3476 eventos no período (2023-07-20..2026-07-23),{},MUNICÍPIO DE ABDON BATISTA,78511052000110,2026-07-23,2023-07-20,3476,90,False,3311.63,valor_total / qtd_contratacoes (same semantic as valor_total),SC,CONTRATADO,11511230.16
True,,1.0,"[""pncp_supplier_contracts"", ""isolated_snapshot""]",3465 eventos no período (2023-07-20..2026-07-23),{},MUNICÍPIO DE BALNEÁRIO PIÇARRAS,83102335000148,2026-07-23,2023-07-20,3465,91,False,5504.3,valor_total / qtd_contratacoes (same semantic as valor_total),SC,CONTRATADO,19072394.16
True,,1.0,"[""pncp_supplier_contracts"", ""isolated_snapshot""]",3452 eventos no período (2023-07-20..2026-07-23),{},FUNDO MUNICIPAL DE SAÚDE DE ZORTÉA,12139961000160,2026-07-23,2023-07-20,3452,92,False,1205.15,valor_total / qtd_contratacoes (same semantic as valor_total),SC,CONTRATADO,4160187.38
True,,1.0,"[""pncp_supplier_contracts"", ""isolated_snapshot""]",3451 eventos no período (2023-07-20..2026-07-23),{},MUNICÍPIO DE PRESIDENTE NEREU,83102699000128,2026-07-23,2023-07-20,3451,93,False,4130.44,valor_total / qtd_contratacoes (same semantic as valor_total),SC,CONTRATADO,14254144.25
True,,1.0,"[""pncp_supplier_contracts"", ""isolated_snapshot""]",3440 eventos no período (2023-07-20..2026-07-23),{},MUNICÍPIO DE URUSSANGA,82930181000110,2026-07-23,2023-07-20,3440,94,False,13732.02,valor_total / qtd_contratacoes (same semantic as valor_total),SC,CONTRATADO,47238136.51
True,,1.0,"[""pncp_supplier_contracts"", ""isolated_snapshot""]",3437 eventos no período (2023-07-20..2026-07-23),{},MUNICÍPIO DE ARAQUARI,83102228000110,2026-07-23,2023-07-20,3437,95,False,5077.02,valor_total / qtd_contratacoes (same semantic as valor_total),SC,CONTRATADO,17449731.5
True,,1.0,"[""pncp_supplier_contracts"", ""isolated_snapshot""]",3429 eventos no período (2023-07-20..2026-07-23),{},FUNDO MUNICIPAL DE SAUDE DE GASPAR,11436906000170,2026-07-23,2023-07-20,3429,96,False,19899.41,valor_total / qtd_contratacoes (same semantic as valor_total),SC,CONTRATADO,68235090.45
True,,1.0,"[""pncp_supplier_contracts"", ""isolated_snapshot""]",3429 eventos no período (2023-07-20..2026-07-23),{},MUNICÍPIO DE APIÚNA,79373767000116,2026-07-23,2023-07-20,3429,97,False,4371.92,valor_total / qtd_contratacoes (same semantic as valor_total),SC,CONTRATADO,14991316.51
True,,1.0,"[""pncp_supplier_contracts"", ""isolated_snapshot""]",3405 eventos no período (2023-07-20..2026-07-23),{},MUNICÍPIO DE SÃO JOSÉ DO CERRITO,82777327000139,2026-07-23,2023-07-20,3405,98,False,10476.9,valor_total / qtd_contratacoes (same semantic as valor_total),SC,CONTRATADO,35673839.74
True,,1.0,"[""pncp_supplier_contracts"", ""isolated_snapshot""]",3402 eventos no período (2023-07-20..2026-07-23),{},MUNICÍPIO DE TURVO,82548983000160,2026-07-23,2023-07-20,3402,99,False,12924.28,valor_total / qtd_contratacoes (same semantic as valor_total),SC,CONTRATADO,43968404.74
True,,1.0,"[""pncp_supplier_contracts"", ""isolated_snapshot""]",3389 eventos no período (2023-07-20..2026-07-23),{},MUNICÍPIO DE CONCÓRDIA,83024257000100,2026-07-23,2023-07-20,3389,100,False,14241.41,valor_total / qtd_contratacoes (same semantic as valor_total),SC,CONTRATADO,48264150.15
True,,1.0,"[""pncp_supplier_contracts"", ""isolated_snapshot""]",3386 eventos no período (2023-07-20..2026-07-23),{},MUNICÍPIO DE GAROPABA,82836057000190,2026-07-23,2023-07-20,3386,101,False,4140.57,valor_total / qtd_contratacoes (same semantic as valor_total),SC,CONTRATADO,14019972.37
True,,1.0,"[""pncp_supplier_contracts"", ""isolated_snapshot""]",3384 eventos no período (2023-07-20..2026-07-23),{},MUNICÍPIO DE IBIAM,01612745000174,2026-07-23,2023-07-20,3384,102,False,3162.63,valor_total / qtd_contratacoes (same semantic as valor_total),SC,CONTRATADO,10702347.49
True,,1.0,"[""pncp_supplier_contracts"", ""isolated_snapshot""]",3344 eventos no período (2023-07-20..2026-07-23),{},MUNICÍPIO DE AGROLÂNDIA,83102582000144,2026-07-23,2023-07-20,3344,103,False,3385.22,valor_total / qtd_contratacoes (same semantic as valor_total),SC,CONTRATADO,11320175.33
True,,1.0,"[""pncp_supplier_contracts"", ""isolated_snapshot""]",3327 eventos no período (2023-07-20..2026-07-23),{},MUNICÍPIO DE PRESIDENTE GETÚLIO,83102434000120,2026-07-23,2023-07-20,3327,104,False,3873.48,valor_total / qtd_contratacoes (same semantic as valor_total),SC,CONTRATADO,12887069.93
True,,1.0,"[""pncp_supplier_contracts"", ""isolated_snapshot""]",3306 eventos no período (2023-07-20..2026-07-23),{},MUNICÍPIO DE SÃO BENTO DO SUL,86051398000100,2026-07-23,2023-07-20,3306,105,False,5962.39,valor_total / qtd_contratacoes (same semantic as valor_total),SC,CONTRATADO,19711649.67
True,,1.0,"[""pncp_supplier_contracts"", ""isolated_snapshot""]",3303 eventos no período (2023-07-20..2026-07-23),{},FUNDO MUNICIPAL DE SAÚDE DE SÃO JOSÉ,11214458000160,2026-07-23,2023-07-20,3303,106,False,9837.41,valor_total / qtd_contratacoes (same semantic as valor_total),SC,CONTRATADO,32492953.2
True,,1.0,"[""pncp_supplier_contracts"", ""isolated_snapshot""]",3261 eventos no período (2023-07-20..2026-07-23),{},MUNICÍPIO DE GRAVATAL,82926569000147,2026-07-23,2023-07-20,3261,107,False,4304.95,valor_total / qtd_contratacoes (same semantic as valor_total),SC,CONTRATADO,14038439.09
True,,1.0,"[""pncp_supplier_contracts"", ""isolated_snapshot""]",3255 eventos no período (2023-07-20..2026-07-23),{},FUNDO MUNICIPAL DE SAÚDE DE RANCHO QUEIMADO,09522642000125,2026-07-23,2023-07-20,3255,108,False,970.65,valor_total / qtd_contratacoes (same semantic as valor_total),SC,CONTRATADO,3159480.76
True,,1.0,"[""pncp_supplier_contracts"", ""isolated_snapshot""]",3248 eventos no período (2023-07-20..2026-07-23),{},FUNDO MUNICIPAL DE SAÚDE DE CELSO RAMOS,14608771000170,2026-07-23,2023-07-20,3248,109,False,1129.86,valor_total / qtd_contratacoes (same semantic as valor_total),SC,CONTRATADO,3669782.83
True,,1.0,"[""pncp_supplier_contracts"", ""isolated_snapshot""]",3244 eventos no período (2023-07-20..2026-07-23),{},MUNICÍPIO DE IBICARÉ,82939448000130,2026-07-23,2023-07-20,3244,110,False,6126.74,valor_total / qtd_contratacoes (same semantic as valor_total),SC,CONTRATADO,19875148.47
True,,1.0,"[""pncp_supplier_contracts"", ""isolated_snapshot""]",3194 eventos no período (2023-07-20..2026-07-23),{},MUNICÍPIO DE VITOR MEIRELES,79372520000185,2026-07-23,2023-07-20,3194,111,False,3232.81,valor_total / qtd_contratacoes (same semantic as valor_total),SC,CONTRATADO,10325602.13
True,,1.0,"[""pncp_supplier_contracts"", ""isolated_snapshot""]",3193 eventos no período (2023-07-20..2026-07-23),{},MUNICÍPIO DE MAFRA,83102509000172,2026-07-23,2023-07-20,3193,112,False,6216.82,valor_total / qtd_contratacoes (same semantic as valor_total),SC,CONTRATADO,19850314.21
True,,1.0,"[""pncp_supplier_contracts"", ""isolated_snapshot""]",3181 eventos no período (2023-07-20..2026-07-23),{},INSTITUTO FEDERAL DE EDUC.CIENC.E TEC.DE SC,11402887000160,2026-07-23,2023-07-20,3181,113,False,365948.81,valor_total / qtd_contratacoes (same semantic as valor_total),SC,CONTRATADO,1164083156.11
True,,1.0,"[""pncp_supplier_contracts"", ""isolated_snapshot""]",3164 eventos no período (2023-07-20..2026-07-23),{},MUNICÍPIO DE SANTA ROSA DE LIMA,82926593000186,2026-07-23,2023-07-20,3164,114,False,2599.84,valor_total / qtd_contratacoes (same semantic as valor_total),SC,CONTRATADO,8225882.35
True,,1.0,"[""pncp_supplier_contracts"", ""isolated_snapshot""]",3164 eventos no período (2023-07-20..2026-07-23),{},FUNDO MUNICIPAL DE SAÚDE DE IPUAÇU,11395801000110,2026-07-23,2023-07-20,3164,115,False,1854.77,valor_total / qtd_contratacoes (same semantic as valor_total),SC,CONTRATADO,5868498.58
True,,1.0,"[""pncp_supplier_contracts"", ""isolated_snapshot""]",3163 eventos no período (2023-07-20..2026-07-23),{},FUNDO MUNICIPAL DE SAÚDE DE OURO VERDE,11323964000197,2026-07-23,2023-07-20,3163,116,False,1260.84,valor_total / qtd_contratacoes (same semantic as valor_total),SC,CONTRATADO,3988031.02
True,,1.0,"[""pncp_supplier_contracts"", ""isolated_snapshot""]",3159 eventos no período (2023-07-20..2026-07-23),{},MUNICÍPIO DE IMBUIA,83102632000193,2026-07-23,2023-07-20,3159,117,False,2507.28,valor_total / qtd_contratacoes (same semantic as valor_total),SC,CONTRATADO,7920498.21
True,,1.0,"[""pncp_supplier_contracts"", ""isolated_snapshot""]",3151 eventos no período (2023-07-20..2026-07-23),{},MUNICÍPIO DE MARAVILHA,82821190000172,2026-07-23,2023-07-20,3151,118,False,17439.59,valor_total / qtd_contratacoes (same semantic as valor_total),SC,CONTRATADO,54952135.98
True,,1.0,"[""pncp_supplier_contracts"", ""isolated_snapshot""]",3136 eventos no período (2023-07-20..2026-07-23),{},FUNDO MUNICIPAL DE SAUDE DE MASSARANDUBA,11231203000105,2026-07-23,2023-07-20,3136,119,False,1471.01,valor_total / qtd_contratacoes (same semantic as valor_total),SC,CONTRATADO,4613099.95
True,,1.0,"[""pncp_supplier_contracts"", ""isolated_snapshot""]",3113 eventos no período (2023-07-20..2026-07-23),{},FUNDO MUNICIPAL DE SAÚDE DE SÃO LOURENÇO DO OESTE,11359214000175,2026-07-23,2023-07-20,3113,120,False,1958.29,valor_total / qtd_contratacoes (same semantic as valor_total),SC,CONTRATADO,6096147.68
True,,1.0,"[""pncp_supplier_contracts"", ""isolated_snapshot""]",3104 eventos no período (2023-07-20..2026-07-23),{},MUNICÍPIO DE ÁGUAS DE CHAPECÓ,82804212000196,2026-07-23,2023-07-20,3104,121,False,11277.22,valor_total / qtd_contratacoes (same semantic as valor_total),SC,CONTRATADO,35004480.64
True,,1.0,"[""pncp_supplier_contracts"", ""isolated_snapshot""]",3089 eventos no período (2023-07-20..2026-07-23),{},MUNICÍPIO DE BIGUAÇU,82892308000153,2026-07-23,2023-07-20,3089,122,False,4745.84,valor_total / qtd_contratacoes (same semantic as valor_total),SC,CONTRATADO,14659896.54
True,,1.0,"[""pncp_supplier_contracts"", ""isolated_snapshot""]",3039 eventos no período (2023-07-20..2026-07-23),{},MUNICÍPIO DE ARABUTÃ,95995221000153,2026-07-23,2023-07-20,3039,123,False,5031.97,valor_total / qtd_contratacoes (same semantic as valor_total),SC,CONTRATADO,15292148.98
True,,1.0,"[""pncp_supplier_contracts"", ""isolated_snapshot""]",3030 eventos no período (2023-07-20..2026-07-23),{},FUNDO MUNICIPAL DE SAÚDE DE BIGUAÇU,08999257000100,2026-07-23,2023-07-20,3030,124,False,4396.76,valor_total / qtd_contratacoes (same semantic as valor_total),SC,CONTRATADO,13322192.59
True,,1.0,"[""pncp_supplier_contracts"", ""isolated_snapshot""]",3002 eventos no período (2023-07-20..2026-07-23),{},MUNICÍPIO DE XAXIM,82854670000130,2026-07-23,2023-07-20,3002,125,False,5411.15,valor_total / qtd_contratacoes (same semantic as valor_total),SC,CONTRATADO,16244262.95
True,,1.0,"[""pncp_supplier_contracts"", ""isolated_snapshot""]",2983 eventos no período (2023-07-20..2026-07-23),{},FUNDO MUNICIPAL DE ASSISTENCIA SOCIAL DE JARAGUÁ DO SUL,13170158000151,2026-07-23,2023-07-20,2983,126,False,13121.54,valor_total / qtd_contratacoes (same semantic as valor_total),SC,CONTRATADO,39141546.53
True,,1.0,"[""pncp_supplier_contracts"", ""isolated_snapshot""]",2978 eventos no período (2023-07-20..2026-07-23),{},FUNDO MUNICIPAL DE SAÚDE DE BALNEÁRIO CAMBORIÚ,10459525000143,2026-07-23,2023-07-20,2978,127,False,8959.43,valor_total / qtd_contratacoes (same semantic as valor_total),SC,CONTRATADO,26681177.93
True,,1.0,"[""pncp_supplier_contracts"", ""isolated_snapshot""]",2965 eventos no período (2023-07-20..2026-07-23),{},FUNDO MUNICIPAL DE SAÚDE DE SÃO BENTO DO SUL,08281643000162,2026-07-23,2023-07-20,2965,128,False,4999.59,valor_total / qtd_contratacoes (same semantic as valor_total),SC,CONTRATADO,14823794.01
True,,1.0,"[""pncp_supplier_contracts"", ""isolated_snapshot""]",2957 eventos no período (2023-07-20..2026-07-23),{},MUNICÍPIO DE LAURO MULLER,82558909000124,2026-07-23,2023-07-20,2957,129,False,12344.55,valor_total / qtd_contratacoes (same semantic as valor_total),SC,CONTRATADO,36502838.3
True,,1.0,"[""pncp_supplier_contracts"", ""isolated_snapshot""]",2955 eventos no período (2023-07-20..2026-07-23),{},FUNDO MUNICIPAL DE SAUDE DO MUNICÍPIO DE ITAPOA,11485410000196,2026-07-23,2023-07-20,2955,130,False,4172.95,valor_total / qtd_contratacoes (same semantic as valor_total),SC,CONTRATADO,12331053.81
True,,1.0,"[""pncp_supplier_contracts"", ""isolated_snapshot""]",2954 eventos no período (2023-07-20..2026-07-23),{},MUNICÍPIO DE PINHALZINHO,83021857000115,2026-07-23,2023-07-20,2954,131,False,5163.09,valor_total / qtd_contratacoes (same semantic as valor_total),SC,CONTRATADO,15251771.34
True,,1.0,"[""pncp_supplier_contracts"", ""isolated_snapshot""]",2950 eventos no período (2023-07-20..2026-07-23),{},FUNDO MUNICIPAL DE SAÚDE DE CAMPOS NOVOS,08595042000124,2026-07-23,2023-07-20,2950,132,False,21379.59,valor_total / qtd_contratacoes (same semantic as valor_total),SC,CONTRATADO,63069785.8
True,,1.0,"[""pncp_supplier_contracts"", ""isolated_snapshot""]",2947 eventos no período (2023-07-20..2026-07-23),{},MUNICÍPIO DE ENTRE RIOS,01612698000169,2026-07-23,2023-07-20,2947,133,False,3252.5,valor_total / qtd_contratacoes (same semantic as valor_total),SC,CONTRATADO,9585123.17
True,,1.0,"[""pncp_supplier_contracts"", ""isolated_snapshot""]",2935 eventos no período (2023-07-20..2026-07-23),{},MUNICÍPIO DE JOSÉ BOITEUX,79372553000125,2026-07-23,2023-07-20,2935,134,False,3688.7,valor_total / qtd_contratacoes (same semantic as valor_total),SC,CONTRATADO,10826332.32
True,,1.0,"[""pncp_supplier_contracts"", ""isolated_snapshot""]",2929 eventos no período (2023-07-20..2026-07-23),{},MUNICÍPIO DE AGRONÔMICA,83102590000190,2026-07-23,2023-07-20,2929,135,False,2080.98,valor_total / qtd_contratacoes (same semantic as valor_total),SC,CONTRATADO,6095200.48
True,,1.0,"[""pncp_supplier_contracts"", ""isolated_snapshot""]",2916 eventos no período (2023-07-20..2026-07-23),{},MUNICÍPIO DE IPIRA,82814260000165,2026-07-23,2023-07-20,2916,136,False,4138.36,valor_total / qtd_contratacoes (same semantic as valor_total),SC,CONTRATADO,12067471.09
True,,1.0,"[""pncp_supplier_contracts"", ""isolated_snapshot""]",2887 eventos no período (2023-07-20..2026-07-23),{},MUNICÍPIO DE XANXERÊ,83009860000113,2026-07-23,2023-07-20,2887,137,False,49997.93,valor_total / qtd_contratacoes (same semantic as valor_total),SC,CONTRATADO,144344024.54
True,,1.0,"[""pncp_supplier_contracts"", ""isolated_snapshot""]",2887 eventos no período (2023-07-20..2026-07-23),{},MUNICÍPIO DE NOVA ITABERABA,95990131000170,2026-07-23,2023-07-20,2887,138,False,2280.64,valor_total / qtd_contratacoes (same semantic as valor_total),SC,CONTRATADO,6584221.03
True,,1.0,"[""pncp_supplier_contracts"", ""isolated_snapshot""]",2884 eventos no período (2023-07-20..2026-07-23),{},MUNICÍPIO DE PASSO DE TORRES,95782793000154,2026-07-23,2023-07-20,2884,139,False,2511.77,valor_total / qtd_contratacoes (same semantic as valor_total),SC,CONTRATADO,7243956.33
True,,1.0,"[""pncp_supplier_contracts"", ""isolated_snapshot""]",2883 eventos no período (2023-07-20..2026-07-23),{},MUNICÍPIO DE SANTO AMARO DA IMPERATRIZ,82892324000146,2026-07-23,2023-07-20,2883,140,False,20182.36,valor_total / qtd_contratacoes (same semantic as valor_total),SC,CONTRATADO,58185754.62
True,,1.0,"[""pncp_supplier_contracts"", ""isolated_snapshot""]",2883 eventos no período (2023-07-20..2026-07-23),{},FUNDO MUNICIPAL DE SAÚDE DO MUNICÍPIO DE BOM JESUS,11391482000174,2026-07-23,2023-07-20,2883,141,False,1152.34,valor_total / qtd_contratacoes (same semantic as valor_total),SC,CONTRATADO,3322188.2
True,,1.0,"[""pncp_supplier_contracts"", ""isolated_snapshot""]",2882 eventos no período (2023-07-20..2026-07-23),{},MUNICÍPIO DE PETROLÂNDIA,83102673000180,2026-07-23,2023-07-20,2882,142,False,4476.5,valor_total / qtd_contratacoes (same semantic as valor_total),SC,CONTRATADO,12901270.45
True,,1.0,"[""pncp_supplier_contracts"", ""isolated_snapshot""]",2847 eventos no período (2023-07-20..2026-07-23),{},FUNDO MUNICIPAL DE SAUDE DE CONCORDIA,10455823000165,2026-07-23,2023-07-20,2847,143,False,7607.75,valor_total / qtd_contratacoes (same semantic as valor_total),SC,CONTRATADO,21659253.57
True,,1.0,"[""pncp_supplier_contracts"", ""isolated_snapshot""]",2846 eventos no período (2023-07-20..2026-07-23),{},MUNICÍPIO DE RIQUEZA,95988309000148,2026-07-23,2023-07-20,2846,144,False,2688.85,valor_total / qtd_contratacoes (same semantic as valor_total),SC,CONTRATADO,7652457.08
True,,1.0,"[""pncp_supplier_contracts"", ""isolated_snapshot""]",2822 eventos no período (2023-07-20..2026-07-23),{},FUNDO MUNICIPAL DE SAÚDE DE JOAÇABA,10594533000100,2026-07-23,2023-07-20,2822,145,False,15547.49,valor_total / qtd_contratacoes (same semantic as valor_total),SC,CONTRATADO,43875023.06
True,,1.0,"[""pncp_supplier_contracts"", ""isolated_snapshot""]",2822 eventos no período (2023-07-20..2026-07-23),{},MUNICÍPIO DE ANCHIETA,83024687000122,2026-07-23,2023-07-20,2822,146,False,4268.43,valor_total / qtd_contratacoes (same semantic as valor_total),SC,CONTRATADO,12045523.09
True,,1.0,"[""pncp_supplier_contracts"", ""isolated_snapshot""]",2816 eventos no período (2023-07-20..2026-07-23),{},MUNICÍPIO DE NOVA ERECHIM,83021840000168,2026-07-23,2023-07-20,2816,147,False,3495.75,valor_total / qtd_contratacoes (same semantic as valor_total),SC,CONTRATADO,9844026.95
True,,1.0,"[""pncp_supplier_contracts"", ""isolated_snapshot""]",2805 eventos no período (2023-07-20..2026-07-23),{},MUNICÍPIO DE MACIEIRA,95992020000100,2026-07-23,2023-07-20,2805,148,False,5545.36,valor_total / qtd_contratacoes (same semantic as valor_total),SC,CONTRATADO,15554733.79
True,,1.0,"[""pncp_supplier_contracts"", ""isolated_snapshot""]",2804 eventos no período (2023-07-20..2026-07-23),{},MUNICÍPIO DE ITAPOÁ,81140303000101,2026-07-23,2023-07-20,2804,149,False,6790.2,valor_total / qtd_contratacoes (same semantic as valor_total),SC,CONTRATADO,19039711.28
True,,1.0,"[""pncp_supplier_contracts"", ""isolated_snapshot""]",2794 eventos no período (2023-07-20..2026-07-23),{},MUNICÍPIO DE PAIAL,01614376000159,2026-07-23,2023-07-20,2794,150,False,2452.7,valor_total / qtd_contratacoes (same semantic as valor_total),SC,CONTRATADO,6852846.93
True,,1.0,"[""pncp_supplier_contracts"", ""isolated_snapshot""]",2786 eventos no período (2023-07-20..2026-07-23),{},MUNICÍPIO DE GUATAMBÚ,95990206000112,2026-07-23,2023-07-20,2786,151,False,3483.04,valor_total / qtd_contratacoes (same semantic as valor_total),SC,CONTRATADO,9703745.37
True,,1.0,"[""pncp_supplier_contracts"", ""isolated_snapshot""]",2782 eventos no período (2023-07-20..2026-07-23),{},MUNICÍPIO DE ALFREDO WAGNER,83102608000154,2026-07-23,2023-07-20,2782,152,False,2853.06,valor_total / qtd_contratacoes (same semantic as valor_total),SC,CONTRATADO,7937206.23
True,,1.0,"[""pncp_supplier_contracts"", ""isolated_snapshot""]",2775 eventos no período (2023-07-20..2026-07-23),{},MUNICÍPIO DE CERRO NEGRO,95991097000158,2026-07-23,2023-07-20,2775,153,False,4529.15,valor_total / qtd_contratacoes (same semantic as valor_total),SC,CONTRATADO,12568398.58
True,,1.0,"[""pncp_supplier_contracts"", ""isolated_snapshot""]",2774 eventos no período (2023-07-20..2026-07-23),{},MUNICÍPIO DE WITMARSUM,83102442000176,2026-07-23,2023-07-20,2774,154,False,2618.02,valor_total / qtd_contratacoes (same semantic as valor_total),SC,CONTRATADO,7262378.83
True,,1.0,"[""pncp_supplier_contracts"", ""isolated_snapshot""]",2766 eventos no período (2023-07-20..2026-07-23),{},MUNICÍPIO DE PONTE SERRADA,82777236000101,2026-07-23,2023-07-20,2766,155,False,4752.56,valor_total / qtd_contratacoes (same semantic as valor_total),SC,CONTRATADO,13145580.69
True,,1.0,"[""pncp_supplier_contracts"", ""isolated_snapshot""]",2764 eventos no período (2023-07-20..2026-07-23),{},MUNICÍPIO DE PALHOÇA,82892316000108,2026-07-23,2023-07-20,2764,156,False,9100.69,valor_total / qtd_contratacoes (same semantic as valor_total),SC,CONTRATADO,25154300.54
True,,1.0,"[""pncp_supplier_contracts"", ""isolated_snapshot""]",2735 eventos no período (2023-07-20..2026-07-23),{},PREFEITURA MUNICIPAL,01566621000108,2026-07-23,2023-07-20,2735,157,False,8379.46,valor_total / qtd_contratacoes (same semantic as valor_total),SC,CONTRATADO,22917834.53
True,,1.0,"[""pncp_supplier_contracts"", ""isolated_snapshot""]",2730 eventos no período (2023-07-20..2026-07-23),{},MUNICÍPIO DE SANTA TEREZINHA,95951323000177,2026-07-23,2023-07-20,2730,158,False,18193.48,valor_total / qtd_contratacoes (same semantic as valor_total),SC,CONTRATADO,49668199.12
True,,1.0,"[""pncp_supplier_contracts"", ""isolated_snapshot""]",2711 eventos no período (2023-07-20..2026-07-23),{},FUNDO MUNICIPAL DE SAÚDE DE CANELINHA,08692266000154,2026-07-23,2023-07-20,2711,159,False,1930.08,valor_total / qtd_contratacoes (same semantic as valor_total),SC,CONTRATADO,5232449.96
True,,1.0,"[""pncp_supplier_contracts"", ""isolated_snapshot""]",2705 eventos no período (2023-07-20..2026-07-23),{},MUNICÍPIO DE ITÁ,83024240000153,2026-07-23,2023-07-20,2705,160,False,4641.44,valor_total / qtd_contratacoes (same semantic as valor_total),SC,CONTRATADO,12555083.85
True,,1.0,"[""pncp_supplier_contracts"", ""isolated_snapshot""]",2690 eventos no período (2023-07-20..2026-07-23),{},FUNDO MUNICIPAL DE SAUDE DE IMBITUBA,10568451000183,2026-07-23,2023-07-20,2690,161,False,4590.87,valor_total / qtd_contratacoes (same semantic as valor_total),SC,CONTRATADO,12349449.4
True,,1.0,"[""pncp_supplier_contracts"", ""isolated_snapshot""]",2673 eventos no período (2023-07-20..2026-07-23),{},MUNICÍPIO DE IMBITUBA,82909409000190,2026-07-23,2023-07-20,2673,162,False,9413.15,valor_total / qtd_contratacoes (same semantic as valor_total),SC,CONTRATADO,25161342.42
True,,1.0,"[""pncp_supplier_contracts"", ""isolated_snapshot""]",2659 eventos no período (2023-07-20..2026-07-23),{},MUNICÍPIO DE MASSARANDUBA,83102483000162,2026-07-23,2023-07-20,2659,163,False,2434.81,valor_total / qtd_contratacoes (same semantic as valor_total),SC,CONTRATADO,6474170.34
True,,1.0,"[""pncp_supplier_contracts"", ""isolated_snapshot""]",2651 eventos no período (2023-07-20..2026-07-23),{},FUNDO MUNICIPAL DE SAÚDE DO MUNICÍPIO DE PALMEIRA,11299998000193,2026-07-23,2023-07-20,2651,164,False,994.09,valor_total / qtd_contratacoes (same semantic as valor_total),SC,CONTRATADO,2635339.17
True,,1.0,"[""pncp_supplier_contracts"", ""isolated_snapshot""]",2650 eventos no período (2023-07-20..2026-07-23),{},MUNICÍPIO DE SÃO BONIFÁCIO,82892340000139,2026-07-23,2023-07-20,2650,165,False,5636.28,valor_total / qtd_contratacoes (same semantic as valor_total),SC,CONTRATADO,14936153.2
True,,1.0,"[""pncp_supplier_contracts"", ""isolated_snapshot""]",2643 eventos no período (2023-07-20..2026-07-23),{},MUNICÍPIO DE RIO RUFINO,95991071000100,2026-07-23,2023-07-20,2643,166,False,8068.73,valor_total / qtd_contratacoes (same semantic as valor_total),SC,CONTRATADO,21325665.38
True,,1.0,"[""pncp_supplier_contracts"", ""isolated_snapshot""]",2616 eventos no período (2023-07-20..2026-07-23),{},MUNICÍPIO DE SALETE,83102723000129,2026-07-23,2023-07-20,2616,167,False,2940.35,valor_total / qtd_contratacoes (same semantic as valor_total),SC,CONTRATADO,7691961.19
True,,1.0,"[""pncp_supplier_contracts"", ""isolated_snapshot""]",2597 eventos no período (2023-07-20..2026-07-23),{},FUNDO MUNICIPAL DE SAÚDE DE CAPINZAL,05029092000156,2026-07-23,2023-07-20,2597,168,False,6674.77,valor_total / qtd_contratacoes (same semantic as valor_total),SC,CONTRATADO,17334367.04
True,,1.0,"[""pncp_supplier_contracts"", ""isolated_snapshot""]",2593 eventos no período (2023-07-20..2026-07-23),{},MUNICÍPIO DE PERITIBA,82815085000120,2026-07-23,2023-07-20,2593,169,False,2884.48,valor_total / qtd_contratacoes (same semantic as valor_total),SC,CONTRATADO,7479462.77
True,,1.0,"[""pncp_supplier_contracts"", ""isolated_snapshot""]",2591 eventos no período (2023-07-20..2026-07-23),{},MUNICÍPIO DE HERVAL D'OESTE,82939430000138,2026-07-23,2023-07-20,2591,170,False,5332.96,valor_total / qtd_contratacoes (same semantic as valor_total),SC,CONTRATADO,13817695.03
True,,1.0,"[""pncp_supplier_contracts"", ""isolated_snapshot""]",2589 eventos no período (2023-07-20..2026-07-23),{},MUNICÍPIO DE ITUPORANGA,83102640000130,2026-07-23,2023-07-20,2589,171,False,7113.94,valor_total / qtd_contratacoes (same semantic as valor_total),SC,CONTRATADO,18417985.02
True,,1.0,"[""pncp_supplier_contracts"", ""isolated_snapshot""]",2588 eventos no período (2023-07-20..2026-07-23),{},MUNICÍPIO DE RODEIO,83102814000164,2026-07-23,2023-07-20,2588,172,False,3685.2,valor_total / qtd_contratacoes (same semantic as valor_total),SC,CONTRATADO,9537293.76
True,,1.0,"[""pncp_supplier_contracts"", ""isolated_snapshot""]",2583 eventos no período (2023-07-20..2026-07-23),{},MUNICÍPIO DE SANTA TEREZINHA DO PROGRESSO,01612847000190,2026-07-23,2023-07-20,2583,173,False,4407.08,valor_total / qtd_contratacoes (same semantic as valor_total),SC,CONTRATADO,11383481.33
True,,1.0,"[""pncp_supplier_contracts"", ""isolated_snapshot""]",2558 eventos no período (2023-07-20..2026-07-23),{},SECRETARIA MUNICIPAL DE EDUCACAO DE ITAPOA - SC,02482295000105,2026-07-23,2023-07-20,2558,174,False,6444.04,valor_total / qtd_contratacoes (same semantic as valor_total),SC,CONTRATADO,16483864.04
True,,1.0,"[""pncp_supplier_contracts"", ""isolated_snapshot""]",2545 eventos no período (2023-07-20..2026-07-23),{},MUNICÍPIO DE SÃO LOURENÇO DO OESTE,83021873000108,2026-07-23,2023-07-20,2545,175,False,5412.99,valor_total / qtd_contratacoes (same semantic as valor_total),SC,CONTRATADO,13776066.19
True,,1.0,"[""pncp_supplier_contracts"", ""isolated_snapshot""]",2542 eventos no período (2023-07-20..2026-07-23),{},MUNICÍPIO DE VARGEÃO,83009928000164,2026-07-23,2023-07-20,2542,176,False,4984.5,valor_total / qtd_contratacoes (same semantic as valor_total),SC,CONTRATADO,12670597.23
True,,1.0,"[""pncp_supplier_contracts"", ""isolated_snapshot""]",2528 eventos no período (2023-07-20..2026-07-23),{},FUNDO MUNICIPAL DE SAÚDE DE ÁGUAS MORNAS,10714485000139,2026-07-23,2023-07-20,2528,177,False,1782.95,valor_total / qtd_contratacoes (same semantic as valor_total),SC,CONTRATADO,4507286.53
True,,1.0,"[""pncp_supplier_contracts"", ""isolated_snapshot""]",2522 eventos no período (2023-07-20..2026-07-23),{},FUNDO MUNICIPAL DE SAÚDE DE RIO NEGRINHO,10377912000130,2026-07-23,2023-07-20,2522,178,False,3369.32,valor_total / qtd_contratacoes (same semantic as valor_total),SC,CONTRATADO,8497418.58
True,,1.0,"[""pncp_supplier_contracts"", ""isolated_snapshot""]",2518 eventos no período (2023-07-20..2026-07-23),{},FUNDO MUNICIPAL DE SAUDE DE PENHA,10479670000196,2026-07-23,2023-07-20,2518,179,False,3673.52,valor_total / qtd_contratacoes (same semantic as valor_total),SC,CONTRATADO,9249933.52
True,,1.0,"[""pncp_supplier_contracts"", ""isolated_snapshot""]",2506 eventos no período (2023-07-20..2026-07-23),{},FUNDO MUNICIPAL DE SAÚDE DE XANXERÊ,10396929000135,2026-07-23,2023-07-20,2506,180,False,5739.57,valor_total / qtd_contratacoes (same semantic as valor_total),SC,CONTRATADO,14383358.53
True,,1.0,"[""pncp_supplier_contracts"", ""isolated_snapshot""]",2502 eventos no período (2023-07-20..2026-07-23),{},MUNICÍPIO DE DOUTOR PEDRINHO,79373775000162,2026-07-23,2023-07-20,2502,181,False,2596.17,valor_total / qtd_contratacoes (same semantic as valor_total),SC,CONTRATADO,6495615.3
True,,1.0,"[""pncp_supplier_contracts"", ""isolated_snapshot""]",2497 eventos no período (2023-07-20..2026-07-23),{},MUNICÍPIO DE POMERODE,83102251000104,2026-07-23,2023-07-20,2497,182,False,6318.55,valor_total / qtd_contratacoes (same semantic as valor_total),SC,CONTRATADO,15777422.42
True,,1.0,"[""pncp_supplier_contracts"", ""isolated_snapshot""]",2490 eventos no período (2023-07-20..2026-07-23),{},FUNDO MUNICIPAL DE SAUDE DE GARUVA,11303923000139,2026-07-23,2023-07-20,2490,183,False,2951.47,valor_total / qtd_contratacoes (same semantic as valor_total),SC,CONTRATADO,7349169.24
True,,1.0,"[""pncp_supplier_contracts"", ""isolated_snapshot""]",2463 eventos no período (2023-07-20..2026-07-23),{},MUNICÍPIO DE BALNEÁRIO CAMBORIÚ,83102285000107,2026-07-23,2023-07-20,2463,184,False,9074.32,valor_total / qtd_contratacoes (same semantic as valor_total),SC,CONTRATADO,22350053.88
True,,1.0,"[""pncp_supplier_contracts"", ""isolated_snapshot""]",2455 eventos no período (2023-07-20..2026-07-23),{},MUNICÍPIO DE LINDÓIA DO SUL,78510112000180,2026-07-23,2023-07-20,2455,185,False,4876.35,valor_total / qtd_contratacoes (same semantic as valor_total),SC,CONTRATADO,11971432.66
True,,1.0,"[""pncp_supplier_contracts"", ""isolated_snapshot""]",2454 eventos no período (2023-07-20..2026-07-23),{},FUNDO MUNICIPAL DE SAÚDE DE TRÊS BARRAS,11491075000139,2026-07-23,2023-07-20,2454,186,False,2525.14,valor_total / qtd_contratacoes (same semantic as valor_total),SC,CONTRATADO,6196700.13
True,,1.0,"[""pncp_supplier_contracts"", ""isolated_snapshot""]",2447 eventos no período (2023-07-20..2026-07-23),{},FUNDO DE SAÚDE DO MUNICÍPIO DE MONTE CASTELO,11455792000105,2026-07-23,2023-07-20,2447,187,False,1332.62,valor_total / qtd_contratacoes (same semantic as valor_total),SC,CONTRATADO,3260911.55
True,,1.0,"[""pncp_supplier_contracts"", ""isolated_snapshot""]",2421 eventos no período (2023-07-20..2026-07-23),{},MUNICÍPIO DE MAREMA,78509072000156,2026-07-23,2023-07-20,2421,188,False,3556.38,valor_total / qtd_contratacoes (same semantic as valor_total),SC,CONTRATADO,8610004.64
True,,1.0,"[""pncp_supplier_contracts"", ""isolated_snapshot""]",2420 eventos no período (2023-07-20..2026-07-23),{},MUNICÍPIO DE CAMPO BELO DO SUL,82777319000192,2026-07-23,2023-07-20,2420,189,False,11520.18,valor_total / qtd_contratacoes (same semantic as valor_total),SC,CONTRATADO,27878840.2
True,,1.0,"[""pncp_supplier_contracts"", ""isolated_snapshot""]",2409 eventos no período (2023-07-20..2026-07-23),{},MUNICÍPIO DE BOMBINHAS,95815379000102,2026-07-23,2023-07-20,2409,190,False,6300.81,valor_total / qtd_contratacoes (same semantic as valor_total),SC,CONTRATADO,15178648.53
True,,1.0,"[""pncp_supplier_contracts"", ""isolated_snapshot""]",2400 eventos no período (2023-07-20..2026-07-23),{},FUNDO MUNICIPAL DE SAÚDE DE IPUMIRIM,11329956000158,2026-07-23,2023-07-20,2400,191,False,1528.52,valor_total / qtd_contratacoes (same semantic as valor_total),SC,CONTRATADO,3668458.98
True,,1.0,"[""pncp_supplier_contracts"", ""isolated_snapshot""]",2398 eventos no período (2023-07-20..2026-07-23),{},MUNICÍPIO DE OURO,82777228000157,2026-07-23,2023-07-20,2398,192,False,3259.5,valor_total / qtd_contratacoes (same semantic as valor_total),SC,CONTRATADO,7816277.31
True,,1.0,"[""pncp_supplier_contracts"", ""isolated_snapshot""]",2378 eventos no período (2023-07-20..2026-07-23),{},MUNICÍPIO DE PONTE ALTA,83755850000127,2026-07-23,2023-07-20,2378,193,False,3939.15,valor_total / qtd_contratacoes (same semantic as valor_total),SC,CONTRATADO,9367296.25
True,,1.0,"[""pncp_supplier_contracts"", ""isolated_snapshot""]",2372 eventos no período (2023-07-20..2026-07-23),{},FUNDO MUNICIPAL DE SAÚDE DE FAXINAL DOS GUEDES,10496698000131,2026-07-23,2023-07-20,2372,194,False,1588.97,valor_total / qtd_contratacoes (same semantic as valor_total),SC,CONTRATADO,3769044.27
True,,1.0,"[""pncp_supplier_contracts"", ""isolated_snapshot""]",2366 eventos no período (2023-07-20..2026-07-23),{},MUNICÍPIO DE TUNÁPOLIS,78486198000152,2026-07-23,2023-07-20,2366,195,False,4583.11,valor_total / qtd_contratacoes (same semantic as valor_total),SC,CONTRATADO,10843639.57
True,,1.0,"[""pncp_supplier_contracts"", ""isolated_snapshot""]",2364 eventos no período (2023-07-20..2026-07-23),{},FUNDO MUNICIPAL DE SAÚDE DE PRESIDENTE CASTELLO BR,11333647000151,2026-07-23,2023-07-20,2364,196,False,1089.1,valor_total / qtd_contratacoes (same semantic as valor_total),SC,CONTRATADO,2574629.98
True,,1.0,"[""pncp_supplier_contracts"", ""isolated_snapshot""]",2354 eventos no período (2023-07-20..2026-07-23),{},MUNICÍPIO DE BALNEÁRIO BARRA DO SUL,95954509000180,2026-07-23,2023-07-20,2354,197,False,3716.34,valor_total / qtd_contratacoes (same semantic as valor_total),SC,CONTRATADO,8748266.33
True,,1.0,"[""pncp_supplier_contracts"", ""isolated_snapshot""]",2324 eventos no período (2023-07-20..2026-07-23),{},FUNDO MUNICIPAL DE SAUDE DE ARAQUARI,08345495000100,2026-07-23,2023-07-20,2324,198,False,3988.98,valor_total / qtd_contratacoes (same semantic as valor_total),SC,CONTRATADO,9270395.04
True,,1.0,"[""pncp_supplier_contracts"", ""isolated_snapshot""]",2322 eventos no período (2023-07-20..2026-07-23),{},MUNICÍPIO DE CORONEL FREITAS,83021824000175,2026-07-23,2023-07-20,2322,199,False,7668.4,valor_total / qtd_contratacoes (same semantic as valor_total),SC,CONTRATADO,17806028.88
True,,1.0,"[""pncp_supplier_contracts"", ""isolated_snapshot""]",2309 eventos no período (2023-07-20..2026-07-23),{},MUNICÍPIO DE ARVOREDO,95995247000100,2026-07-23,2023-07-20,2309,200,False,4400.2,valor_total / qtd_contratacoes (same semantic as valor_total),SC,CONTRATADO,10160054.81
