pncp_id,objeto_compra,orgao_cnpj,uf,valor_total_estimado,is_active
00394452000103-1-013530/2026,Aquisição de Material para Área de Lazer do 62ºBI,00394452000103,SC,24888.37,True
00394452000103-1-013548/2026, aquisição de braçadeiras de diversos tamanhos para esfigmomanômetro ,00394452000103,SC,518.33,True
00394452000103-1-013554/2026,"Credenciamento de OCS para prestação de serviços de assistência médico-hospitalar de Clínica Médica e Reabilitação nas áreas de Psicologia, Nutrição, Fonoaudiologia, Psiquiatria, Clinico Geral, Nutrologia, Cirurgia Do Aparelho Digestivo dentre outras especialidades.",00394452000103,SC,21448304.00,True
pcp_492416,"Aquisição de panificados ao Município de Capinzal e seus Entes, via Sistema de Registro de Preços.",,SC,,True
00394502000144-1-007933/2026,Instalação / Remoção / Manutenção - Forro em geral,00394502000144,SC,4300.00,True
00484829000107-1-000020/2026,Contratação de Serviço de Higienização de Tapetes e Bandeiras Institucionais.,00484829000107,SC,860.00,True
95990198000104-1-000082/2026,"CONTRATAÇÃO DE INSTITUIÇÃO/COOPERATIVA FINANCEIRA, PÚBLICA OU PRIVADA, AUTORIZADA A FUNCIONAR PELO BANCO CENTRAL DO BRASIL, PARA A PRESTAÇÃO DE SERVIÇOS DE PROCESSAMENTO E GERENCIAMENTO DE CRÉDITOS PROVENIENTES DA FOLHA DE PAGAMENTO DOS SERVIDORES ATIVOS, INATIVOS, PENSIONISTAS E ESTAGIÁRIOS DO MUNICÍPIO DE CORDILHEIRA ALTA/SC, EM REGIME DE EXCLUSIVIDADE, SEM ÔNUS PARA O CONTRATANTE E COM O PAGAMENTO DE CONTRAPARTIDA FINANCEIRA (OUTORGA) AO MUNICÍPIO",95990198000104,SC,757019.19,True
sc-59617,"Contratação  de  subscrição  de  licenças  de  uso  de  solução  integrada  em  nuvem  de colaboração  e  comunicação  corporativa,  suíte  de  escritório  Google  Workspace,  com  direito  à atualização   e   suporte,   podendo   ser   prorrogada,   conforme    especificações    e    quantidades indicadas  neste  documento  e  em  seus  anexos.  Além  disso,  serviços  de  consultoria  especializada poderão ser contratados.",,SC,,True
85361863000147-1-000103/2026,"Registro de Preços para futura e eventual aquisição parcelada de acervos e livros literários destinados às unidades escolares da Rede Municipal de Ensino do Município de Palmitos/SC, compreendendo conjuntos completos de obras para a Educação Infantil e o Ensino Fundamental, bem como exemplares de obra específica do gênero Geografia e História, conforme especificações, quantidades, condições e exigências estabelecidas neste Termo de Referência e em seus anexos.",85361863000147,SC,179928.85,True
00484829000107-1-000021/2026,Aquisição de Materiais para Montagem de Extensões Elétricas,00484829000107,SC,1261.08,True
00484829000107-1-000022/2026,Aquisição de Copos Biodegradáveis de Papel,00484829000107,SC,1138.80,True
00484829000107-1-000023/2026,Prestação de Serviço de Limpeza de Fossas e Caixas de Gordura.,00484829000107,SC,2500.00,True
pcp_492622,"Contratação de empresa para futuro e eventual fornecimento de serviço de Buffet, para atender às necessidades do Município de Jupiá.",,SC,,True
00508903000188-1-001317/2026,"Contratação de empresa para prestação de serviços de planejamento e execução de manutenção predial para bens móveis e imóveis pertencentes à Subseção Judiciária de Rio do Sul, cuja área construída aproximada é de 798,75 m²",00508903000188,SC,2731.52,True
95988309000148-1-000218/2026,Aquisição de passagem de ônibus destinada ao deslocamento de retorno de servidora municipal designada para participação em curso de capacitação/atualização promovido pelo Instituto Nacional de Colonização e Reforma Agrária - INCRA,95988309000148,SC,166.80,True
00509968000148-1-002259/2026,"Aquisição de plantas naturais, vasos e insumos de jardinagem.",00509968000148,SC,13969.50,True
01356308000137-1-000043/2026,"Contratação de Serviço de consulta médica de urgência e emergência (por hora plantão), conforme Comunicação Interna da Secretaria Municipal de Saúde de Araranguá, nos termos do contrato de programa nº 002/2026, celebrado entre o CONSÓRCIO PÚBLICO INTERFEDERATIVO DE SAÚDE DA AMESC - CISAMESC e o Fundo Municipal de Saúde de Araranguá e CONTRATO DE RATEIO Nº 001-R/CISAMESC/2026 e decorrente do EDITAL DE CHAMAMENTO PÚBLICO Nº 001/CISAMESC/2026",01356308000137,SC,50400.00,True
84438381000185-1-000211/2026,"CONTRATAÇÃO DE  SERVIÇOS DE CAMINHÕES BASCULANTE TIPO TRUCK, CAMINHÃO EQUIPADO COM  GUINDASTE TIPO MUNCK, CAMINHÃO PIPA, ESCAVADEIRA HIDRÁULICA, MINIESCAVADEIRA,  RETROESCAVADEIRA COM LANÇA EXTENSIVA E ROLO COMPACTADOR (CONTRATAÇÃO POR  HORA TRABALHADA OU CARGA TRANSPORTADA)",84438381000185,SC,2946633.50,True
pcp_492531,Registro de preços para contratação de empresa especializada para aquisição de uniformes institucionais personalizados destinados aos servidores da Secretaria Municipal de Saúde,,SC,,True
01357327000188-1-000003/2026,"LOCAÇÃO DE IMÓVEL LOCALIZADO, DESTINADO AO FUNCIONAMENTO DO INSTITUTO DO SISTEMA MUNICIPAL DE PREVIDÊNCIA DE CHAPECÓ – SIMPREVI",01357327000188,SC,123000.00,True
01397083000167-1-000028/2026,Aquisição de material de construção para Secretaria de Assistência Social,01397083000167,SC,4975.80,True
01566620000155-1-000029/2026,Contratação de empresa especializada para o fornecimento e instalação de estofamento em arquibancada de concreto do Ginásio Municipal de Esportes de Tigrinhos/SC,01566620000155,SC,34000.00,True
01577780000108-1-000160/2026,Aquisição de máquina de lavar e máquina de secar roupa.,01577780000108,SC,0.00,True
01577780000108-1-000161/2026,Contratação de empresa especializada para manutenção e fornecimentos de equipamentos odontológicos,01577780000108,SC,0.00,True
01608820000123-1-000076/2026,"CONTRATAÇÃO DE PESSOA JURÍDICA ESPECIALIZADA PARA FORNECIMENTO DE MATERIAIS DE CONSTRUÇÃO DESTINADOS À EXECUÇÃO DE REFORMAS, MELHORIAS E ADEQUAÇÕES ESTRUTURAIS NO PARQUE DE EXPOSIÇÕES DE PAINEL, VISANDO ATENDER ÀS DEMANDAS DE MANUTENÇÃO E CONSERVAÇÃO DOS ESPAÇOS PÚBLICOS MUNICIPAIS",01608820000123,SC,16550.00,True
85361863000147-1-000104/2026,"CONTRATAÇÃO DE EMPRESA ESPECIALIZADA PARA EXECUÇÃO DE PAVIMENTAÇÃO ASFÁLTICA E SERVIÇOS COMPLEMENTARES NO MUNICÍPIO DE PALMITOS/SC, ORGANIZADA EM 2 (DOIS) LOTES: LOTE 1 – RUA BENTO GONÇALVES (ITEM 1); E LOTE 2 – RUA HUMAITÁ – TRECHO I (ITEM 2) E RUA HUMAITÁ – TRECHO II (ITEM 3), ADMITIDA A ADJUDICAÇÃO DE MAIS DE UM LOTE À MESMA LICITANTE, COM A FORMALIZAÇÃO DE CONTRATO DISTINTO PARA CADA ITEM, CONFORME PROJETOS, PLANILHAS ORÇAMENTÁRIAS, MEMORIAIS DESCRITIVOS, CRONOGRAMAS FÍSICO-FINANCEIROS E TERMO DE REFERÊNCIA.",85361863000147,SC,2189127.89,True
01599409000139-1-000012/2026,"Contratação de pessoa jurídica especializada para a confecção, personalização e fornecimento, de forma parcelada, de camisetas, camisas e moletons personalizados, destinados ao atendimento das necessidades da Prefeitura Municipal de Capão Alto, suas Secretarias Municipais, escolas da Rede Municipal de Ensino, Fundo Municipal de Saúde e Fundo Municipal de Desenvolvimento Social e Habitação. Os itens deverão ser confeccionados conforme as especificações definidas pela Administração, incluindo personalização com logotipos, brasão do Município e demais elementos institucionais, visando atender às demandas de identificação, campanhas, eventos, projetos e demais ações promovidas pelo Município.",01599409000139,SC,149738.90,True
95988309000148-1-000227/2026,"Realização de serviços de manutenção elétrica corretiva em 02 (dois) veículos da frota escolar do Município de Riqueza/SC, quais sejam o ônibus Mercedes-Benz 1519, placa QIF-0289, e o ônibus Volkswagen 15.190, placa MKK-8147, ambos vinculados à Secretaria de Educação e utilizados no transporte escolar dos estudantes da rede municipal de ensino.",95988309000148,SC,1545.00,True
01608820000123-1-000074/2026,"CONTRATAÇÃO DE PESSOA JURÍDICA ESPECIALIZADA PARA A PRESTAÇÃO DE SERVIÇOS TÉCNICOS DE PLANEJAMENTO, ORGANIZAÇÃO, COORDENAÇÃO E EXECUÇÃO DE CONCURSO PÚBLICO E DE 02 (DOIS) PROCESSOS SELETIVOS SIMPLIFICADOS, COMPREENDENDO A ELABORAÇÃO, APLICAÇÃO E CORREÇÃO DE PROVAS OBJETIVAS E PRÁTICAS, DIVULGAÇÃO DOS RESULTADOS E DEMAIS ATOS NECESSÁRIOS À REALIZAÇÃO DOS CERTAMES, DESTINADOS AO PROVIMENTO DE VAGAS E À FORMAÇÃO DE CADASTRO DE RESERVA DO MUNICÍPIO DE PAINEL/SC.",01608820000123,SC,10493.33,True
pcp_491615,"ALIENAÇÃO DE BEM IMÓVEL (LOTE) DE PROPRIEDADE DO MUNICÍPIO DE IRANI, DENOMINADO ÁREA 03, LOCALIZADO NO DISTRITO INDUSTRIAL III.",,SC,,True
pcp_492225,"Fornecimento e instalação de equipamentos recreativos infantis, grama sintética e mobiliário urbano.",,SC,,True
83899526000182-1-000105/2026,"Pagamento taxa de inscrição da aluna Isadora Vieira Zacarias, Matrícula: 25100712
- participação no 26º Congresso Brasileiro de Engenharia e Ciência dos Materiais que ocorrerá de 22 a 26 de
novembro de 2026 em em Florianópolis/SC",83899526000182,SC,250.00,True
83899526000182-1-000107/2026,"Pagamento taxa de inscrição aluno Lucas Ventura Turnes, matrícula 23102424 no IBRACON - 67º Congresso Brasileiro do Concreto que ocorrerá de 30 de setembro a 03 de outubro de 2026 em Natal/RN",83899526000182,SC,1100.00,True
01608820000123-1-000075/2026,"CONTRATAÇÃO DE PESSOA JURÍDICA ESPECIALIZADA PARA A PRESTAÇÃO DE SERVIÇOS DE SEGURO VEICULAR, REFERENTE AO SEGURO DE RESPONSABILIDADE CIVIL OBRIGATÓRIA – RCO, DESTINADO À FROTA DE VEÍCULOS EM USO PELO 
MUNICÍPIO DE PAINEL E SUAS SECRETARIAS.",01608820000123,SC,6990.01,True
pcp_492967,"Contratação de empresa especializada para prestação de serviços integrados de geotecnologia e planejamento urbano, compreendendo aerolevantamento, imageamento 360°, atualização da base cartográfica, recadastramento e cadastramento imobiliário,...",,SC,,True
95991287000175-1-000051/2026,"REGISTRO DE PREÇOS PARA FUTURA E EVENTUAL AQUISIÇÃO DE UNIFORMES COMPLETOS DESTINADOS À BANDA ARTÍSTICA MUNICIPAL (FANFARRA), GRUPO DE DANÇA, GRUPO DA PESSOA IDOSA E PARTICIPANTES DAS ATIVIDADES ESPORTIVAS DO MUNICÍPIO DE PONTE ALTA DO NORTE/SC, INCLUINDO CONFECÇÃO, FORNECIMENTO E ENTREGA. ",95991287000175,SC,60446.87,True
83899526000182-1-000102/2026,"Concessão de uso de área física da Universidade Federal de Santa Catarina (UFSC), medindo 70,52 m², localizada no Centro de Cultura e Eventos, destinada à exploração e operação comercial de serviço de minimercado de autoatendimento",83899526000182,SC,85542.12,True
83899526000182-1-000103/2026,"Pagamento taxa de inscrição dos alunos Gustavo Mendonça Campos, Matrícula: 23103571 e Maria Eduarda Faversani Furtado, Matrícula: 17100609
- participação no Encontro Nacional de Engenharia de Produção (ENEGEP) que ocorrerá de 20 a 23 de outubro de 2026 em São Paulo/SP
",83899526000182,SC,1040.00,True
83899526000182-1-000104/2026,"Taxa de inscrição do servidor Ivan Helmuth Bechtold (895.230.409-87) para participarem do evento ""27th International Conference on Science and Technology of Synthetic Electronic Materials (ICSM 2026)"", a ser realizado no período de 19 a 24/07/2026, no Rio de Janeiro - RJ. ",83899526000182,SC,2371.12,True
84438381000185-1-000205/2026,AQUISIÇÃO DE  VEÍCULO TIPO CAMINHÃO DE FABRICAÇÃO NACIONAL COM CABINE DUPLA/ESTENDIDA E  CARROCERIA DE MADEIRA INSTALADA E ADAPTADA,84438381000185,SC,626247.50,True
84438381000185-1-000206/2026,AQUISIÇÃO DE VEÍCULO TIPO CAMINHÃO CABINE DUPLA EQUIPADO COM CAÇAMBA DE MADEIRA.,84438381000185,SC,626247.50,True
84438381000185-1-000208/2026,Serviço de revisão de 12 meses de garantia da cortadora de piso CPV350 HONDA GX430T.,84438381000185,SC,80.00,True
01612528000184-1-000046/2026,"REGISTRO DE PREÇOS PARA FUTURA E EVENTUAL AQUISIÇÃO DE UNIFORMES, DESTINADOS AO ATENDIMENTO DAS NECESSIDADES DOS DIVERSOS ÓRGÃOS E ENTIDADES DA ADMINISTRAÇÃO PÚBLICA DO MUNICÍPIO DE BANDEIRANTE/SC,",01612528000184,SC,448999.84,True
85361863000147-1-000102/2026,"CONTRATAÇÃO DE EMPRESA ESPECIALIZADA, DEVIDAMENTE HOMOLOGADA E AUTORIZADA PELA CELESC DISTRIBUIÇÃO S.A, PARA A EXECUÇÃO DOS SERVIÇOS DE DESLOCAMENTO DA REDE DE DISTRIBUIÇÃO DE ENERGIA ELÉTRICA DESTINADA À ADEQUAÇÃO DA INFRAESTRUTURA ELÉTRICA DA PRAÇA CARLOS CULMEY NO MUNICÍPIO DE PALMITOS/SC.",85361863000147,SC,52188.53,True
pcp_492409,"CONTRATAÇÃO DE EMPRESA ESPECIALIZADA PARA EXECUÇÃO DE CURSO PREPARATÓRIO INTENSIVO PARA O EXAME NACIONAL DO ENSINO MÉDIO - ENEM,DESTINADO AOS ESTUDANTES DA REDE PÚBLICA DO MUNICÍPIO DE IMBITUBA/SC, CONTEMPLANDO A PRESTAÇÃO DE SERVIÇOS EDUCACIONAIS...",,SC,,True
00284689000123-1-000123/2026,"Aquisição de 01 (uma) inscrição para participação no curso ""Agente de Contratação e Fiscais de Contratos"", nos dias 21 , 22 , 23 e 24 de julho de 2026, na cidade de Curitiba-PR, para o servidor Daniel Heberle.",00284689000123,SC,2900.00,True
01612781000138-1-000099/2026,"Contratação de empresa especializada no ramo de administração, gerenciamento, emissão e fornecimento de cartão com tarja magnética e/ou com chip de segurança, para efetuar o pagamento  de “Programas de  Incentivo a Agricultura e auxilio Transporte” de Santiago do Sul e cartões para o pagamento de valores referente a “benefícios eventuais” e demais benefícios criados por Lei ou que virão ser instituídos para atender programas de governo, concedidos aos beneficiários do Município de Santiago do Sul, conforme Leis Municipais específicas.",01612781000138,SC,504800.00,True
00394452000103-1-013237/2026,"Impressora de tecnologia laser monocromática, nova e de primeiro uso, fornecida em embalagem original lacrada de fábrica. O equipamento deve possuir tensão de alimentação de 220 V (ou bivolt automático com suporte a 220 V), interfaces de conectividade USB integradas, e acompanhar obrigatoriamente cabo de alimentação, cabo de comunicação USB original e o cartucho de toner necessário para o pleno funcionamento imediato da máquina.",00394452000103,SC,3029.80,True
00394452000103-1-013336/2026,"Prestação de serviços de manutenção corretiva dos sistemas de ar-condicionado das viaturas ambulância do 63º Batalhão de Infantaria, incluindo o fornecimento de peças, materiais, insumos e mão de obra especializada necessários à execução dos serviços, bem como a realização de ajustes, regulagens, carga de fluido  refrigerante, testes operacionais e demais procedimentos indispensáveis ao restabelecimento do pleno funcionamento dos sistemas de climatização.",00394452000103,SC,11515.00,True
01612698000169-1-000104/2026,Contratação de empresa para Vistoria Veicular em Caminhão Agrale/13000 – Ano/Modelo: 2010/2011 – Placa MIM7G92 – Chassi: 9BYC48A2ABC000598 – Renavam: 312880855 pertencente a Defesa Civil.,01612698000169,SC,300.00,True
01612745000174-1-000146/2026,"Prestação de serviços de locação, montagem, instalação e desmontagem de palco, portal de entrada, backdrop e grades de contenção destinados à infraestrutura da Festa de Aniversário dos 31 anos do Município de Ibiam/SC, contemplando toda a mão de obra, equipamentos, materiais, transporte e demais recursos necessários à perfeita execução dos serviços, conforme especificações constantes do Estudo Técnico Preliminar, Documento de Formalização da Demanda e Termo de Referência.",01612745000174,SC,15416.65,True
00394494000136-1-000716/2026,"Contratação de empresa especializada para prestação de serviço não continuado de engenharia na modalidade turn key (chave na mão), visando o retrofit (modernização, recuperação e revitalização) do sistema de ar condicionado central do tipo VRF da Delegacia de de Policia federal de Itajaí/SC - DPF/IJI/PF, a serem executados com regime de contratação semi-integrada, incluindo o fornecimento e instalação de todos os materiais e equipamentos necessários.",00394494000136,SC,1239848.16,True
00394494000136-1-000720/2026,"Contratação de serviços que compreendem reparos decorrentes de infiltrações na primeira e segunda lajes; correções na parte elétrica, tendo em vista a ocorrência de fuga de energia possivelmente causada por umidade, que vem ocasionando o desarme de disjuntores; impermeabilização das estruturas da garagem; substituição de pisos cerâmicos, forros de gesso e pintura, se necessários; bem como a lavação externa da edificação, da Unidade FICCO /DRPJ/SR/PF/SC, pertencente à Superintendência Regional de Polícia Federal em Santa Catarina.",00394494000136,SC,0.00,True
00394502000144-1-007708/2026,"Fornecimento de marmitex para os alunos dos Cursos para Aquaviários, realizados pela Delegacia da Capitania dos Portos em Laguna",00394502000144,SC,17538.30,True
00394502000144-1-007841/2026,Aquisição de medicamento conforme especificação no Termo de Referência,00394502000144,SC,17229.15,True
00394502000144-1-007856/2026,Aquisição de materiais diversos para suprir demandas no EPM (Ensino Profissional Marítimo).,00394502000144,SC,1163.00,True
01612745000174-1-000147/2026,"Contratação da Escola de Gestão Pública Municipal – EGEM, para realização de 02 (duas) inscrições no Curso de Formação e Capacitação de Pregoeiros e Agentes de Contratação, modalidade on-line, a ser realizado nos dias 28 e 29 de julho de 2026, destinado às servidoras da Prefeitura Municipal de Ibiam/SC que atuam diretamente no setor de licitações.",01612745000174,SC,1700.00,True
01612745000174-1-000148/2026,"O VI Seminário Estadual de Envelhecimento Ativo visa aprofundar o conhecimento acerca do processo de envelhecimento ativo, discutir o funcionamento dos Conselhos Municipais e instituição dos Fundos Municipais do Idoso, apresentar metodologia sobre cidades e comunidades amigáveis às pessoas idosas, aprofundar o debate sobre as Instituições de Longa Permanência para Idosos – ILPIs e Centros Dias, possibilitar a troca de experiências entre os municípios em relação ao atendimento da pessoa idosa eco",01612745000174,SC,1400.00,True
01612781000138-1-000100/2026,"Despesa empenhada para contratação de empresa para fornecimento de KIT REFIL DOUBLE PLUS ALCALIA E IONIZADA, com 04 (quatro) elementos filtrantes cada, incluindo serviço de troca dos refis e limpeza dos reservatórios dos bebedouros instalados nas Escolas Municipais. Art. 75, Inc. II (Lei 14.133/2021).",01612781000138,SC,1180.00,True
01612781000138-1-000101/2026,Despesa empenhada para aquisição de bobina para tacógrafo para o veiculo ônibus Placa RXM7H44 utilizado pela Secretaria de Educação. Art. 75 Inc. II (Lei 14.133/2021).,01612781000138,SC,49.35,True
01612781000138-1-000102/2026,"Despesa empenhada referente a contratação de banda musical para realização de apresentação artística com música ao vivo durante as festividades alusivas à Independência do Brasil, a serem realizadas no dia 06 de setembro, promovidas pelo Município de Santiago do Sul, com o objetivo de proporcionar entretenimento à população, incentivar a participação da comunidade, fortalecer os vínculos sociais e valorizar as tradições cívicas, culturais e comemorativas do município. Art. 75 Inc. II (Lei 14.133/2021).",01612781000138,SC,2800.00,True
01612781000138-1-000103/2026,"Despesa empenhada para aquisição de 01 (uma) passagem rodoviária no trecho São Lourenço do Oeste/SC – Maringá/PR, destinada ao transporte da aluna E.T.P., regularmente matriculada em instituição de ensino localizada fora do Município de Santiago do Sul/SC, visando garantir seu deslocamento para fins de continuidade dos estudos, em atendimento à política municipal de apoio ao transporte de estudantes que frequentam cursos em outros municípios. Art. 75, Inc. II (Lei 14.133/2021)",01612781000138,SC,213.98,True
00509968000148-1-002193/2026,"Fornecimento de software gerenciador de controle de acesso para as catracas de reconhecimento facial com licenças vitalícias e serviços de migração de dados, instalação e configuração de todo o sistema.",00509968000148,SC,32387.50,True
pcp_492410,"O objeto do presente processo licitatório consiste na contratação de empresa especializada para execução de serviços técnicos em poço tubular profundo no Município de Presidente Castello Branco/SC, compreendendo a retirada e reinstalação de bomba...",,SC,,True
pcp_492426,"REGISTRO DE PREÇOS PARA CONTRATAÇÃO DE EMPRESA PARA EFETUAR A MANUTENÇÃO PREVENTIVA E CORRETIVA, BEM COMO O FORNECIMENTO DE PEÇAS PARA OS POÇOS ARTESIANOS DO MUNICÍPIO, DE ACORDO COM AS CONDI-ÇÕES E ESPECIFICAÇÕES ESTABELECIDAS NO EDITAL",,SC,,True
pcp_492436,"Aquisição, por meio de sistema de registro de preços, lixeiras monobloco com suportes ao Município de Capinzal e de seus entes.",,SC,,True
pcp_484532,"Contratação de empresa especializada para o fornecimento de licença de uso (locação) de sistema web integrado de gestão em nuvem, de uso exclusivo do Fundo Municipal de Saúde de Piratuba",,SC,,True
01612812000150-1-000133/2026,"O OBJETO DA PRESENTE LICITAÇÃO CONSISTE NA CONTRATAÇÃO DE EMPRESA ESPECIALIZADA PARA O FORNECIMENTO DE EQUIPAMENTOS AGRÍCOLAS, DO TIPO PLANTADEIRAS, DESTINADOS À SECRETARIA MUNICIPAL DE AGRICULTURA E MEIO AMBIENTE, VISANDO ATENDER ÀS DEMANDAS DE PRESTAÇÃO DE SERVIÇOS ÀS PROPRIEDADES RURAIS DO MUNICÍPIO, CONFORME A EMENDA PARLAMENTAR Nº 719 E A PORTARIA Nº 402/2025-SEF.",01612812000150,SC,108966.67,True
01612836000100-1-000095/2026,"CHAMADA PÚBLICA PARA AQUISIÇÃO DE GÊNEROS ALIMENTÍCIOS DA AGRICULTURA FAMILIAR E DO EMPREENDEDOR FAMILIAR RURAL, QUE SERÃO UTILIZADOS NA CONFECÇÃO DA MERENDA ESCOLAR DOS EDUCANDÁRIOS MUNICIPAIS DE PRINCESA, DESTINADOS AO ATENDIMENTO DO PROGRAMA NACIONAL DE ALIMENTAÇÃO ESCOLAR/PNAE.",01612836000100,SC,58959.45,True
01612836000100-1-000097/2026,"CONTRATAÇÃO DO CONSÓRCIO INTERMUNICIPAL DE DESENVOLVIMENTO REGIONAL - CONDER, NO ÂMBITO DO PROGRAMA MAIS ASFALTO, PARA FORNECIMENTO DE CONCRETO BETUMINOSO USINADO A QUENTE - CBUQ E EMULSÃO ASFÁLTICA PARA PINTURA DE LIGAÇÃO, DESTINADOS À EXECUÇÃO DE SERVIÇOS DE MANUTENÇÃO, RECOMPOSIÇÃO ASFÁLTICA E MELHORIAS VIÁRIAS NO MUNICÍPIO DE PRINCESA/SC, CONFORME CONDIÇÕES AUTORIZADAS NO CONTRATO DE CONSÓRCIO PÚBLICO, NA LEGISLAÇÃO MUNICIPAL DE ADESÃO E NOS DOCUMENTOS QUE INSTRUEM O PROCESSO.",01612836000100,SC,28300.00,True
01612844000156-1-000046/2026,"EXECUÇÃO POR EMPREITADA GLOBAL DO REPERFILAMENTO, PAVIMENTAÇÃO ASFÁLTICA E SINALIZAÇÃO VIÁRIA DO TRECHO DA RUA ÁLVARO COSTA SOB A ESTRUTURA DA RUA COBERTA, COM 988,22 M². CONFORME PROJETO, MEMORIAIS DESCRITIVOS E PLANILHA ORÇAMENTÁRIA EM ANEXO",01612844000156,SC,122876.97,True
01612844000156-1-000047/2026,"CONTRATAÇÃO DE EMPRESA PARA FORNECIMENTO DE BANCO EM MADEIRA PLASTICA DE 150 X 78X 37 CM. PARA FUTURA PRAÇA LOCALIZADA SOBRE NA LINHA NOVA VIDEIRA, COM RECURSOS VINCULADO AO PROCESSO SCC 03314/2025, PORTARIA Nº 16/2025 NA MODALIDADE CONVÊNIOS SIMPLIFICADOS, CONFORME DISPOSIÇÃO DO ART. 17-A DA CONSTITUIÇÃO ESTADUAL E REGULAMENTADOS PELA LEI Nº 19.093/2024 E PELO DECRETO Nº 766/2024, E RECURSOS PRÓPRIOS.",01612844000156,SC,9340.00,True
01612844000156-1-000048/2026,CONTRATAÇÃO DE EMPRESA PARA FORNECIMENTO DE MATERIAL E SERVIÇO DE JARDINAGEM E PAISAGISMO EM FRENTE AO PRÉDIO DO PODER EXECUTIVO E AVENIDA DO MUNICIPIO DE SALTINHO-SC.,01612844000156,SC,11245.00,True
01612844000156-1-000049/2026,"CONTRATAÇÃO, POR INEXIGIBILIDADE DE LICITAÇÃO, DAS APRESENTAÇÕES ARTÍSTICAS DA BANDA MERCOSUL E DA BANDA COSMO EXPRESS, PARA REALIZAÇÃO DE SHOWS MUSICAIS DURANTE AS FESTIVIDADES ALUSIVAS AO 31º ANIVERSÁRIO DE EMANCIPAÇÃO POLÍTICO-ADMINISTRATIVA DO MUNICÍPIO DE SALTINHO/SC, A SEREM REALIZADAS NO DIA 19 DE JULHO DE 2026, NA ÁREA COBERTA MUNICIPAL",01612844000156,SC,65000.00,True
pcp_490946,"CONTRATAÇÃO DE EMPRESA PARA O FORNECIMENTO DE 02 (DOIS) LINKS DE ACESSO À INTERNET POR MEIO DE FIBRA ÓPTICA, COM NÍVEIS DE SERVIÇO E DESEMPENHO DEFINIDOS EM TERMO DE REFERÊNCIA, SENDO UM DE 500 MBPS E OUTRO DE 150 MBPS, PELO PERÍODO DE 12 (DOZE) MESES.",,SC,,True
00489828000155-1-000368/2026,"Contratação de serviços eventuais de roçagem, remoção de entulho e cercamento em terrenos vagos sob a responsabilidade da Superintendência do Patrimônio da União em Santa Catarina (SPU/SC).

",00489828000155,SC,187461.00,True
00508903000188-1-001310/2026,"Contratação de Serviços de Comunicação de Dados, através de link de acesso à Internet via satélite, com uso da rede de satélites em órbita baixa (LEO), para a Justiça Federal - Seção Judiciária de Santa Catarina, nas especificações, quantidades e demais condições estabelecidas no Aviso de Contratação Direta e seus anexos.",00508903000188,SC,0.00,True
01612847000190-1-000082/2026,"AQUISIÇÃO DE TECIDOS PARA ORNAMENTAÇÃO DO TETO DO SALÃO COMUNITÁRIO MUNICIPAL, DESTINADOS À DECORAÇÃO DE EVENTOS E FESTIVIDADES PROMOVIDOS PELO MUNICÍPIO DE SANTA TEREZINHA DO PROGRESSO/SC, CONFORME ESPECIFICAÇÕES CONSTANTES NO TERMO DE REFERÊNCIA",01612847000190,SC,4600.00,True
00509018000113-1-001509/2026,"Locação de imóvel destinado a abrigar o Cartório da 46ª Zona Eleitoral - Taió/SC, onde serão prestados os serviços e desenvolvidas as correlatas atividades de competência da Justiça Eleitoral.",00509018000113,SC,5794.48,True
00509018000113-1-001510/2026,"Aquisição de guilhotina elétrica com margeador digital, destinada ao acabamento, corte e refile de materiais informativos e de apoio, tais como revistas, cartilhas e apostilas, visando conferir celeridade ao processamento das demandas internas e específicas do Tribunal.
",00509018000113,SC,15000.00,True
pcp_492439,"Registro de Preços para eventual aquisição de medalhas de gratificação e graduação, destinadas ao reconhecimento institucional de policiais militares da 2ª Companhia do 13º Batalhão da Polícia Militar de Santa Catarina (2ª CIA/13º BPM), no âmbito do...",,SC,,True
pcp_492443,Contratação de empresa para fornecimento e instalação de placas de identificação de logradouros públicos em diversas ruas do município de Palhoça.,,SC,,True
01612888000186-1-000048/2026,"CONTRATAÇÃO DE EMPRESA ESPECIALIZADA NA PRESTAÇÃO DE SERVIÇOS DE ORGANIZAÇÃO, PRODUÇÃO E EXECUÇÃO DE APRESENTAÇÕES ARTÍSTICAS NATALINAS PARA COMPOR A PROGRAMAÇÃO OFICIAL DO ""NATAL 2026"" DO MUNICÍPIO DE BELA VISTA DO TOLDO/SC.",01612888000186,SC,59200.00,True
00509018000113-1-001513/2026,REGISTRO DE PREÇOS para eventual aquisição de aparelhos de ar-condicionado.,00509018000113,SC,1029805.78,True
00509968000148-1-000017/2027,Contratação de empresa para fornecimento de serviços de fotografia sob demanda ,00509968000148,SC,24380.00,True
95991097000158-1-000099/2026,"[Portal de Compras Públicas] - REGISTRO DE PREÇO para futura e eventual contratação, conforme demanda, de empresa especializada na prestação de serviço de fornecimento de refeições (café da manhã, lanche, almoço e jantar), no Município de Lages/SC.",95991097000158,SC,115527.80,True
95988309000148-1-000217/2026,"Registro de preços para futura e eventual aquisição, de forma estimada e parcelada, de cestas básicas compostas por gêneros alimentícios, produtos de higiene pessoal e materiais de limpeza, destinadas ao atendimento das famílias beneficiárias do Programa Social do Serviço Voluntário - Riqueza Florida, bem como ao cumprimento de decisão judicial, conforme especificações, quantitativos e condições estabelecidos neste Termo de Referência e seus anexos.",95988309000148,SC,125611.56,True
pcp_492449,"CONTRATAÇÃO DE EMPRESA ESPECIALIZADA PARA PRESTAÇÃO DE SERVIÇOS DE RASTREAMENTO, MONITORAMENTO E GESTÃO DA FROTA DE VEÍCULOS E MÁQUINAS DO MUNICÍPIO DE PRINCESA, POR MEIO DE TECNOLOGIA GPS/GSM/GPRS OU EQUIVALENTE, ABRANGENDO A INSTALAÇÃO, ATIVAÇÃO,...",,SC,,True
01613853000161-1-000085/2026,Contratação de empresa especializada na prestação de serviços técnicos de informática (TI),01613853000161,SC,55848.00,True
01613853000161-1-000086/2026,Aquisição de Adubo Orgânico - Atender Lei 1173/2026,01613853000161,SC,210000.00,True
01258036000132-1-000009/2026,CONTRATAÇÃO DE EMPRESAS ESPECIALIZADAS PARA FORNECIMENTO DE MATERIAL ELÉTRICO E PRESTAÇÃO DE SERVIÇOS DE ELETRICISTA PARA ALTERAÇÃO DO PADRÃO DE ENERGIA ELÉTRICA DAS INSTALAÇÕES DA CÂMARA MUNICIPAL DE ATALANTA/SC,01258036000132,SC,3435.00,True
sc-60805,Aquisição de coletores para armazenamento de lâmpadas e eletroeletrônicos para o Instituto do Meio Ambiente de Santa Catarina,,SC,,True
01280363000190-1-000059/2026,"Contratação de empresa certificadora credenciada para oferta de Curso de Capacitação Profissional – CCP aos profissionais dirigentes, conselheiros (Conselho Deliberativo e Conselho Fiscal) e membros do Comitê de Investimentos do IPREVILLE, disponibilizando 12 (doze) inscrições para a utilização de servidores no âmbito de seu procedimento acadêmico.",01280363000190,SC,13000.00,True
83900522000177-1-000025/2026,Contratação de empresa para executar o recrutamento de especialistas para ministrar palestra online sobre Estratégias e Práticas em Funções Executivas,83900522000177,SC,6214.29,True
pcp_492455,"REGISTRO DE PREÇOS PARA EVENTUAL E FUTURA CONTRATAÇÃO DE EMPRESA PARA PRESTAÇÃO DE SERVIÇOS DE BORRACHARIA EM GERAL, INCLUSO ALINHAMENTO, BALANCEAMENTO, GEOMERIA E FORNECIMENTO DE PEÇAS CORRELATAS, PARA UTILIZAÇÃO NA MANUTENÇÃO DA FROTA DAS...",,SC,,True
01613853000161-1-000087/2026,"Aquisição de botijões de Gás Liquefeito de Petróleo – GLP e recargas de gás, destinados ao atendimento das necessidades das Secretarias e setores da Administração Municipal, conforme especificações e quantitativos estabelecidos neste Termo de Referência.",01613853000161,SC,37474.00,True
01294821000140-1-000009/2026,"Aquisição de passagem aérea com contratação do Serviço de Menor Desacompanhado (UMNR) para o transporte de menor acolhida na instituição Paraíso da Criança, com destino a Salvador/BA, em cumprimento à determinação do Ministério Público nos autos do Pedido de Medida de Proteção nº 5001911-68.2026.8.24.0078/SC, que determinou sua reintegração familiar junto à avó materna, residente no Estado da Bahia.",01294821000140,SC,4299.44,True
01614019000190-1-000003/2026,"Registro de preço para contratação de serviços, por hora trabalhada, destinados à manutenção e instalação elétrica nos diversos prédios do Município de Treviso/SC, para atender às necessidades da Prefeitura Municipal, Fundo Municipal de Assistência Social, Fundo Municipal de Saúde, FUNTREV e SAMAE pelos próximos 12 meses, podendo ser prorrogado, com previsão de renovação de saldo, nos termos da Lei 14.133/2021.",01614019000190,SC,144585.00,True
01356308000137-1-000041/2026,"Contratação de empresa especializada para prestação de serviços técnicos profissionais especializados, de natureza predominantemente intelectual, de consultoria técnico-contábil, tributária e previdenciária, destinados ao levantamento, conferência, apuração e orientação quanto às obrigações e às compensações tributárias e previdenciárias incidentes sobre a folha de pagamento do CISAMESC, abrangendo as competências setembro/2025, outubro/2025, novembro/2025, 13º salário/2025, dezembro/2025 e janeiro/2026, com análise integrada das informações de folha, eSocial, EFD-Reinf, DCTFWeb, PER/DCOMP e demonstrativos correlatos, identificação de inconsistências e potenciais créditos, elaboração de memória de cálculo e relatório técnico conclusivo, bem como suporte técnico para esclarecimentos e orientação quanto às providências administrativas cabíveis.",01356308000137,SC,10200.00,True
01356308000137-1-000042/2026,"1.1.	Contratação de profissional especializado em consulta de profissionais de nível superior (exceto médico) psicologia, conforme Ofício nº 25/2026, nos termos do contrato de programa Celebrado entre o CONSÓRCIO PÚBLICO INTERFEDERATIVO DE SAÚDE DA AMESC - CISAMESC e o Município de Passo de Torres e CONTRATO DE PROGRAMA Nº 003/CISAMESC/2026 e decorrente do EDITAL DE CHAMAMENTO PÚBLICO Nº 001/CISAMESC/2026.",01356308000137,SC,30000.00,True
